funding_timestamp,funding_rate,symbol,source
2024-05-01T00:00:00Z,0.0001521422572668,BTCUSDT,okx
2024-05-01T08:00:00Z,7.52886032957e-05,BTCUSDT,okx
2024-05-01T16:00:00Z,3.9713477865e-05,BTCUSDT,okx
2024-05-02T00:00:00Z,0.000135507876032,BTCUSDT,okx
2024-05-02T08:00:00Z,-4.0001442706e-05,BTCUSDT,okx
2024-05-02T16:00:00Z,3.73297802378e-05,BTCUSDT,okx
2024-05-03T00:00:00Z,1.25210054592e-05,BTCUSDT,okx
2024-05-03T08:00:00Z,-5.80702137372e-05,BTCUSDT,okx
2024-05-03T16:00:00Z,1.04688617519e-05,BTCUSDT,okx
2024-05-04T00:00:00Z,-1.67154843871e-05,BTCUSDT,okx
2024-05-04T08:00:00Z,-9.1199298208e-05,BTCUSDT,okx
2024-05-04T16:00:00Z,-1.86391383082e-05,BTCUSDT,okx
2024-05-05T00:00:00Z,-5.58742726839e-05,BTCUSDT,okx
2024-05-05T08:00:00Z,-4.26444908827e-05,BTCUSDT,okx
2024-05-05T16:00:00Z,4.59217475498e-05,BTCUSDT,okx
2024-05-06T00:00:00Z,-1.7545486401e-06,BTCUSDT,okx
2024-05-06T08:00:00Z,-1.3884744227e-06,BTCUSDT,okx
2024-05-06T16:00:00Z,-4.61213061878e-05,BTCUSDT,okx
2024-05-07T00:00:00Z,2.92892927979e-05,BTCUSDT,okx
2024-05-07T08:00:00Z,-2.3166826874e-05,BTCUSDT,okx
2024-05-07T16:00:00Z,6.33985162924e-05,BTCUSDT,okx
2024-05-08T00:00:00Z,-9.067802236e-07,BTCUSDT,okx
2024-05-08T08:00:00Z,1.98589284478e-05,BTCUSDT,okx
2024-05-08T16:00:00Z,-1.1148095922e-06,BTCUSDT,okx
2024-05-09T00:00:00Z,5.20470129721e-05,BTCUSDT,okx
2024-05-09T08:00:00Z,6.98912218363e-05,BTCUSDT,okx
2024-05-09T16:00:00Z,6.16148092168e-05,BTCUSDT,okx
2024-05-10T00:00:00Z,2.40044947547e-05,BTCUSDT,okx
2024-05-10T08:00:00Z,9.162843816e-05,BTCUSDT,okx
2024-05-10T16:00:00Z,-5.13108529695e-05,BTCUSDT,okx
2024-05-11T00:00:00Z,-5.90712148506e-05,BTCUSDT,okx
2024-05-11T08:00:00Z,1.97929785983e-05,BTCUSDT,okx
2024-05-11T16:00:00Z,3.79402238919e-05,BTCUSDT,okx
2024-05-12T00:00:00Z,1.44898922893e-05,BTCUSDT,okx
2024-05-12T08:00:00Z,-4.74351684164e-05,BTCUSDT,okx
2024-05-12T16:00:00Z,2.2874653302e-06,BTCUSDT,okx
2024-05-13T00:00:00Z,-3.94630446368e-05,BTCUSDT,okx
2024-05-13T08:00:00Z,-4.32134458905e-05,BTCUSDT,okx
2024-05-13T16:00:00Z,5.4677280967e-06,BTCUSDT,okx
2024-05-14T00:00:00Z,-5.22844303e-06,BTCUSDT,okx
2024-05-14T08:00:00Z,8.07316904579e-05,BTCUSDT,okx
2024-05-14T16:00:00Z,7.4133564195e-06,BTCUSDT,okx
2024-05-15T00:00:00Z,0.0001811885092057,BTCUSDT,okx
2024-05-15T08:00:00Z,-3.60346960827e-05,BTCUSDT,okx
2024-05-15T16:00:00Z,-5.90635634466e-05,BTCUSDT,okx
2024-05-16T00:00:00Z,-8.54364147713e-05,BTCUSDT,okx
2024-05-16T08:00:00Z,1.32622254987e-05,BTCUSDT,okx
2024-05-16T16:00:00Z,3.29631978591e-05,BTCUSDT,okx
2024-05-17T00:00:00Z,0.0001209495760845,BTCUSDT,okx
2024-05-17T08:00:00Z,1.38246324337e-05,BTCUSDT,okx
2024-05-17T16:00:00Z,3.00111040993e-05,BTCUSDT,okx
2024-05-18T00:00:00Z,-3.52032389648e-05,BTCUSDT,okx
2024-05-18T08:00:00Z,-5.9207614202e-06,BTCUSDT,okx
2024-05-18T16:00:00Z,-3.12034882918e-05,BTCUSDT,okx
2024-05-19T00:00:00Z,1.8277405867e-05,BTCUSDT,okx
2024-05-19T08:00:00Z,4.8505664777e-06,BTCUSDT,okx
2024-05-19T16:00:00Z,3.69887032239e-05,BTCUSDT,okx
2024-05-20T00:00:00Z,7.471502743e-06,BTCUSDT,okx
2024-05-20T08:00:00Z,4.47671098099e-05,BTCUSDT,okx
2024-05-20T16:00:00Z,3.45847450942e-05,BTCUSDT,okx
2024-05-21T00:00:00Z,0.0001049956203525,BTCUSDT,okx
2024-05-21T08:00:00Z,7.22190409678e-05,BTCUSDT,okx
2024-05-21T16:00:00Z,0.0003070077938605,BTCUSDT,okx
2024-05-22T00:00:00Z,0.0004032952316468,BTCUSDT,okx
2024-05-22T08:00:00Z,0.0002642831503915,BTCUSDT,okx
2024-05-22T16:00:00Z,0.0001889388980028,BTCUSDT,okx
2024-05-23T00:00:00Z,0.0002534041814897,BTCUSDT,okx
2024-05-23T08:00:00Z,0.0001505215934074,BTCUSDT,okx
2024-05-23T16:00:00Z,0.000141290985163,BTCUSDT,okx
2024-05-24T00:00:00Z,0.000102934294668,BTCUSDT,okx
2024-05-24T08:00:00Z,5.01142576332e-05,BTCUSDT,okx
2024-05-24T16:00:00Z,8.87836474683e-05,BTCUSDT,okx
2024-05-25T00:00:00Z,0.0001401233830517,BTCUSDT,okx
2024-05-25T08:00:00Z,0.0001400377053095,BTCUSDT,okx
2024-05-25T16:00:00Z,-3.788887543e-06,BTCUSDT,okx
2024-05-26T00:00:00Z,-6.135641517e-07,BTCUSDT,okx
2024-05-26T08:00:00Z,6.99201043911e-05,BTCUSDT,okx
2024-05-26T16:00:00Z,6.26346638109e-05,BTCUSDT,okx
2024-05-27T00:00:00Z,9.38909057903e-05,BTCUSDT,okx
2024-05-27T08:00:00Z,6.21347924104e-05,BTCUSDT,okx
2024-05-27T16:00:00Z,4.99476158191e-05,BTCUSDT,okx
2024-05-28T00:00:00Z,0.0001201402764386,BTCUSDT,okx
2024-05-28T08:00:00Z,0.000112041487354,BTCUSDT,okx
2024-05-28T16:00:00Z,0.0002275054212908,BTCUSDT,okx
2024-05-29T00:00:00Z,9.96802160086e-05,BTCUSDT,okx
2024-05-29T08:00:00Z,0.0001226073289504,BTCUSDT,okx
2024-05-29T16:00:00Z,0.0001825604811938,BTCUSDT,okx
2024-05-30T00:00:00Z,0.000186473505647,BTCUSDT,okx
2024-05-30T08:00:00Z,0.0002212455501151,BTCUSDT,okx
2024-05-30T16:00:00Z,6.91803754514e-05,BTCUSDT,okx
2024-05-31T00:00:00Z,0.0001308290724599,BTCUSDT,okx
2024-05-31T08:00:00Z,9.49898401175e-05,BTCUSDT,okx
2024-05-31T16:00:00Z,0.000120466924108,BTCUSDT,okx
2024-06-01T00:00:00Z,8.40800638395e-05,BTCUSDT,okx
2024-06-01T08:00:00Z,6.79386951527e-05,BTCUSDT,okx
2024-06-01T16:00:00Z,0.0001329021073934,BTCUSDT,okx
2024-06-02T00:00:00Z,0.0001329328595062,BTCUSDT,okx
2024-06-02T08:00:00Z,0.0001232292750371,BTCUSDT,okx
2024-06-02T16:00:00Z,9.54881343087e-05,BTCUSDT,okx
2024-06-03T00:00:00Z,4.5351083769e-05,BTCUSDT,okx
2024-06-03T08:00:00Z,0.0001796810563496,BTCUSDT,okx
2024-06-03T16:00:00Z,0.0001329453876718,BTCUSDT,okx
2024-06-04T00:00:00Z,0.0002613847460125,BTCUSDT,okx
2024-06-04T08:00:00Z,0.0001482905622172,BTCUSDT,okx
2024-06-04T16:00:00Z,0.0001412152032784,BTCUSDT,okx
2024-06-05T00:00:00Z,0.0001985915035644,BTCUSDT,okx
2024-06-05T08:00:00Z,0.0001214309369993,BTCUSDT,okx
2024-06-05T16:00:00Z,3.63232299646e-05,BTCUSDT,okx
2024-06-06T00:00:00Z,0.0001520700945293,BTCUSDT,okx
2024-06-06T08:00:00Z,0.0002348843752712,BTCUSDT,okx
2024-06-06T16:00:00Z,6.8546406687e-05,BTCUSDT,okx
2024-06-07T00:00:00Z,0.0001299782031443,BTCUSDT,okx
2024-06-07T08:00:00Z,0.0001292429691688,BTCUSDT,okx
2024-06-07T16:00:00Z,5.46473002671e-05,BTCUSDT,okx
2024-06-08T00:00:00Z,0.0001655157984846,BTCUSDT,okx
2024-06-08T08:00:00Z,0.0001263477904834,BTCUSDT,okx
2024-06-08T16:00:00Z,3.09100392784e-05,BTCUSDT,okx
2024-06-09T00:00:00Z,9.02365997414e-05,BTCUSDT,okx
2024-06-09T08:00:00Z,2.42028300804e-05,BTCUSDT,okx
2024-06-09T16:00:00Z,1.40037513781e-05,BTCUSDT,okx
2024-06-10T00:00:00Z,6.81659973008e-05,BTCUSDT,okx
2024-06-10T08:00:00Z,2.64011793395e-05,BTCUSDT,okx
2024-06-10T16:00:00Z,-3.20213505152e-05,BTCUSDT,okx
2024-06-11T00:00:00Z,-4.59598035338e-05,BTCUSDT,okx
2024-06-11T08:00:00Z,0.0001001091895514,BTCUSDT,okx
2024-06-11T16:00:00Z,1.6153242259e-06,BTCUSDT,okx
2024-06-12T00:00:00Z,7.33358153446e-05,BTCUSDT,okx
2024-06-12T08:00:00Z,5.11015683514e-05,BTCUSDT,okx
2024-06-12T16:00:00Z,-7.8332982132e-05,BTCUSDT,okx
2024-06-13T00:00:00Z,2.01647950474e-05,BTCUSDT,okx
2024-06-13T08:00:00Z,3.59426032197e-05,BTCUSDT,okx
2024-06-13T16:00:00Z,4.6452791833e-05,BTCUSDT,okx
2024-06-14T00:00:00Z,3.173940261e-06,BTCUSDT,okx
2024-06-14T08:00:00Z,2.16992622351e-05,BTCUSDT,okx
2024-06-14T16:00:00Z,8.76187074667e-05,BTCUSDT,okx
2024-06-15T00:00:00Z,4.85072721508e-05,BTCUSDT,okx
2024-06-15T08:00:00Z,3.64274338945e-05,BTCUSDT,okx
2024-06-15T16:00:00Z,5.5616606889e-06,BTCUSDT,okx
2024-06-16T00:00:00Z,4.0037602242e-05,BTCUSDT,okx
2024-06-16T08:00:00Z,3.56940300456e-05,BTCUSDT,okx
2024-06-16T16:00:00Z,4.53360585002e-05,BTCUSDT,okx
2024-06-17T00:00:00Z,-5.55766329381e-05,BTCUSDT,okx
2024-06-17T08:00:00Z,-4.16144761616e-05,BTCUSDT,okx
2024-06-17T16:00:00Z,-9.5933030458e-06,BTCUSDT,okx
2024-06-18T00:00:00Z,3.05407851741e-05,BTCUSDT,okx
2024-06-18T08:00:00Z,0.0001084176308125,BTCUSDT,okx
2024-06-18T16:00:00Z,-2.53989962811e-05,BTCUSDT,okx
2024-06-19T00:00:00Z,2.11154016668e-05,BTCUSDT,okx
2024-06-19T08:00:00Z,3.30073591102e-05,BTCUSDT,okx
2024-06-19T16:00:00Z,-3.5392354667e-05,BTCUSDT,okx
2024-06-20T00:00:00Z,-6.8427037799e-06,BTCUSDT,okx
2024-06-20T08:00:00Z,8.80278315067e-05,BTCUSDT,okx
2024-06-20T16:00:00Z,3.8303107905e-05,BTCUSDT,okx
2024-06-21T00:00:00Z,7.80289403075e-05,BTCUSDT,okx
2024-06-21T08:00:00Z,3.09111208604e-05,BTCUSDT,okx
2024-06-21T16:00:00Z,8.02208888924e-05,BTCUSDT,okx
2024-06-22T00:00:00Z,3.84895219241e-05,BTCUSDT,okx
2024-06-22T08:00:00Z,5.11755946387e-05,BTCUSDT,okx
2024-06-22T16:00:00Z,-2.1674860729e-06,BTCUSDT,okx
2024-06-23T00:00:00Z,-5.02295554723e-05,BTCUSDT,okx
2024-06-23T08:00:00Z,5.71885961913e-05,BTCUSDT,okx
2024-06-23T16:00:00Z,3.80818471154e-05,BTCUSDT,okx
2024-06-24T00:00:00Z,3.40587438258e-05,BTCUSDT,okx
2024-06-24T08:00:00Z,4.13478998601e-05,BTCUSDT,okx
2024-06-24T16:00:00Z,3.62936331898e-05,BTCUSDT,okx
2024-06-25T00:00:00Z,4.37105159908e-05,BTCUSDT,okx
2024-06-25T08:00:00Z,1.66310285726e-05,BTCUSDT,okx
2024-06-25T16:00:00Z,-1.88573358806e-05,BTCUSDT,okx
2024-06-26T00:00:00Z,-3.14683840768e-05,BTCUSDT,okx
2024-06-26T08:00:00Z,3.1627957449e-06,BTCUSDT,okx
2024-06-26T16:00:00Z,-4.38656297411e-05,BTCUSDT,okx
2024-06-27T00:00:00Z,-1.32508842401e-05,BTCUSDT,okx
2024-06-27T08:00:00Z,1.99240559762e-05,BTCUSDT,okx
2024-06-27T16:00:00Z,0.0001362937034745,BTCUSDT,okx
2024-06-28T00:00:00Z,7.3531552951e-05,BTCUSDT,okx
2024-06-28T08:00:00Z,1.92425457222e-05,BTCUSDT,okx
2024-06-28T16:00:00Z,8.1537566089e-06,BTCUSDT,okx
2024-06-29T00:00:00Z,-5.5608958131e-06,BTCUSDT,okx
2024-06-29T08:00:00Z,5.70235272739e-05,BTCUSDT,okx
2024-06-29T16:00:00Z,0.000162596299187,BTCUSDT,okx
2024-06-30T00:00:00Z,-5.5885079523e-05,BTCUSDT,okx
2024-06-30T08:00:00Z,-5.53919744384e-05,BTCUSDT,okx
2024-06-30T16:00:00Z,-2.48375710746e-05,BTCUSDT,okx
2024-07-01T00:00:00Z,8.88006651168e-05,BTCUSDT,okx
2024-07-01T08:00:00Z,-2.71809797522e-05,BTCUSDT,okx
2024-07-01T16:00:00Z,-7.658693642e-06,BTCUSDT,okx
2024-07-02T00:00:00Z,-2.92569463359e-05,BTCUSDT,okx
2024-07-02T08:00:00Z,9.36197925422e-05,BTCUSDT,okx
2024-07-02T16:00:00Z,-3.38708192993e-05,BTCUSDT,okx
2024-07-03T00:00:00Z,5.11268587235e-05,BTCUSDT,okx
2024-07-03T08:00:00Z,6.47401922442e-05,BTCUSDT,okx
2024-07-03T16:00:00Z,0.0001641541211822,BTCUSDT,okx
2024-07-04T00:00:00Z,4.66804161082e-05,BTCUSDT,okx
2024-07-04T08:00:00Z,0.0001215704374072,BTCUSDT,okx
2024-07-04T16:00:00Z,-2.09286578484e-05,BTCUSDT,okx
2024-07-05T00:00:00Z,1.37604137959e-05,BTCUSDT,okx
2024-07-05T08:00:00Z,1.3619890295e-05,BTCUSDT,okx
2024-07-05T16:00:00Z,-2.94201082577e-05,BTCUSDT,okx
2024-07-06T00:00:00Z,2.04377202546e-05,BTCUSDT,okx
2024-07-06T08:00:00Z,-3.82750533488e-05,BTCUSDT,okx
2024-07-06T16:00:00Z,7.04496936373e-05,BTCUSDT,okx
2024-07-07T00:00:00Z,1.56629624247e-05,BTCUSDT,okx
2024-07-07T08:00:00Z,-6.5555731303e-06,BTCUSDT,okx
2024-07-07T16:00:00Z,2.42558300598e-05,BTCUSDT,okx
2024-07-08T00:00:00Z,5.83200637856e-05,BTCUSDT,okx
2024-07-08T08:00:00Z,8.11973350801e-05,BTCUSDT,okx
2024-07-08T16:00:00Z,5.23317167672e-05,BTCUSDT,okx
2024-07-09T00:00:00Z,-2.13997356728e-05,BTCUSDT,okx
2024-07-09T08:00:00Z,1.75795566204e-05,BTCUSDT,okx
2024-07-09T16:00:00Z,-2.3980046407e-06,BTCUSDT,okx
2024-07-10T00:00:00Z,4.2590469901e-06,BTCUSDT,okx
2024-07-10T08:00:00Z,3.15895816502e-05,BTCUSDT,okx
2024-07-10T16:00:00Z,-1.13703943683e-05,BTCUSDT,okx
2024-07-11T00:00:00Z,-2.16764385649e-05,BTCUSDT,okx
2024-07-11T08:00:00Z,6.27603804442e-05,BTCUSDT,okx
2024-07-11T16:00:00Z,4.83143167367e-05,BTCUSDT,okx
2024-07-12T00:00:00Z,-5.61424981765e-05,BTCUSDT,okx
2024-07-12T08:00:00Z,-5.0714500768e-06,BTCUSDT,okx
2024-07-12T16:00:00Z,9.4063328112e-06,BTCUSDT,okx
2024-07-13T00:00:00Z,4.30000983429e-05,BTCUSDT,okx
2024-07-13T08:00:00Z,-3.87501210343e-05,BTCUSDT,okx
2024-07-13T16:00:00Z,4.60211960695e-05,BTCUSDT,okx
2024-07-14T00:00:00Z,4.6529688071e-06,BTCUSDT,okx
2024-07-14T08:00:00Z,-2.46325800393e-05,BTCUSDT,okx
2024-07-14T16:00:00Z,6.38087736323e-05,BTCUSDT,okx
2024-07-15T00:00:00Z,-1.34857988659e-05,BTCUSDT,okx
2024-07-15T08:00:00Z,1.3635640542e-05,BTCUSDT,okx
2024-07-15T16:00:00Z,7.5788239383e-06,BTCUSDT,okx
2024-07-16T00:00:00Z,5.18114658866e-05,BTCUSDT,okx
2024-07-16T08:00:00Z,6.63357358499e-05,BTCUSDT,okx
2024-07-16T16:00:00Z,0.0001063046996129,BTCUSDT,okx
2024-07-17T00:00:00Z,0.000226076817215,BTCUSDT,okx
2024-07-17T08:00:00Z,7.74393448741e-05,BTCUSDT,okx
2024-07-17T16:00:00Z,0.0001732451881175,BTCUSDT,okx
2024-07-18T00:00:00Z,0.0001866656937657,BTCUSDT,okx
2024-07-18T08:00:00Z,0.0001284914971511,BTCUSDT,okx
2024-07-18T16:00:00Z,3.57350442747e-05,BTCUSDT,okx
2024-07-19T00:00:00Z,-1.9365729767e-06,BTCUSDT,okx
2024-07-19T08:00:00Z,1.62204126283e-05,BTCUSDT,okx
2024-07-19T16:00:00Z,5.03804356318e-05,BTCUSDT,okx
2024-07-20T00:00:00Z,2.25384957002e-05,BTCUSDT,okx
2024-07-20T08:00:00Z,9.36581550163e-05,BTCUSDT,okx
2024-07-20T16:00:00Z,0.0001721829451824,BTCUSDT,okx
2024-07-21T00:00:00Z,0.0001651976368226,BTCUSDT,okx
2024-07-21T08:00:00Z,0.0001368036436399,BTCUSDT,okx
2024-07-21T16:00:00Z,4.22134260895e-05,BTCUSDT,okx
2024-07-22T00:00:00Z,8.04406848367e-05,BTCUSDT,okx
2024-07-22T08:00:00Z,9.52743860717e-05,BTCUSDT,okx
2024-07-22T16:00:00Z,0.00010565684889,BTCUSDT,okx
2024-07-23T00:00:00Z,9.98088115048e-05,BTCUSDT,okx
2024-07-23T08:00:00Z,4.69224985074e-05,BTCUSDT,okx
2024-07-23T16:00:00Z,7.81328942899e-05,BTCUSDT,okx
2024-07-24T00:00:00Z,7.07232333531e-05,BTCUSDT,okx
2024-07-24T08:00:00Z,3.09094816781e-05,BTCUSDT,okx
2024-07-24T16:00:00Z,-2.20406232948e-05,BTCUSDT,okx
2024-07-25T00:00:00Z,4.7203279584e-06,BTCUSDT,okx
2024-07-25T08:00:00Z,-7.67071671599e-05,BTCUSDT,okx
2024-07-25T16:00:00Z,6.87327443505e-05,BTCUSDT,okx
2024-07-26T00:00:00Z,-1.82805423455e-05,BTCUSDT,okx
2024-07-26T08:00:00Z,-3.30155080086e-05,BTCUSDT,okx
2024-07-26T16:00:00Z,-5.56167626819e-05,BTCUSDT,okx
2024-07-27T00:00:00Z,6.72344032972e-05,BTCUSDT,okx
2024-07-27T08:00:00Z,6.73847940765e-05,BTCUSDT,okx
2024-07-27T16:00:00Z,5.63128880602e-05,BTCUSDT,okx
2024-07-28T00:00:00Z,6.47262248244e-05,BTCUSDT,okx
2024-07-28T08:00:00Z,0.0001876729800212,BTCUSDT,okx
2024-07-28T16:00:00Z,0.0001485863256826,BTCUSDT,okx
2024-07-29T00:00:00Z,0.0001113567393875,BTCUSDT,okx
2024-07-29T08:00:00Z,1.88748301979e-05,BTCUSDT,okx
2024-07-29T16:00:00Z,0.0001188059094515,BTCUSDT,okx
2024-07-30T00:00:00Z,0.0001879675801523,BTCUSDT,okx
2024-07-30T08:00:00Z,0.0001315862394515,BTCUSDT,okx
2024-07-30T16:00:00Z,1.63445257772e-05,BTCUSDT,okx
2024-07-31T00:00:00Z,0.0001293122884941,BTCUSDT,okx
2024-07-31T08:00:00Z,4.0292701452e-05,BTCUSDT,okx
2024-07-31T16:00:00Z,7.17174186865e-05,BTCUSDT,okx
2024-09-01T00:00:00Z,1.02064453841e-05,BTCUSDT,okx
2024-09-01T08:00:00Z,2.96513221025e-05,BTCUSDT,okx
2024-09-01T16:00:00Z,5.60750040364e-05,BTCUSDT,okx
2024-09-02T00:00:00Z,1.86798261449e-05,BTCUSDT,okx
2024-09-02T08:00:00Z,2.57340995883e-05,BTCUSDT,okx
2024-09-02T16:00:00Z,2.02394917233e-05,BTCUSDT,okx
2024-09-03T00:00:00Z,-3.67285609496e-05,BTCUSDT,okx
2024-09-03T08:00:00Z,3.98930670755e-05,BTCUSDT,okx
2024-09-03T16:00:00Z,1.4611624776e-05,BTCUSDT,okx
2024-09-04T00:00:00Z,7.51686428273e-05,BTCUSDT,okx
2024-09-04T08:00:00Z,3.08939191333e-05,BTCUSDT,okx
2024-09-04T16:00:00Z,5.67807105588e-05,BTCUSDT,okx
2024-09-05T00:00:00Z,-1.58687610406e-05,BTCUSDT,okx
2024-09-05T08:00:00Z,-5.29861906581e-05,BTCUSDT,okx
2024-09-05T16:00:00Z,3.04952916933e-05,BTCUSDT,okx
2024-09-06T00:00:00Z,2.360580608e-05,BTCUSDT,okx
2024-09-06T08:00:00Z,1.57376279863e-05,BTCUSDT,okx
2024-09-06T16:00:00Z,5.87950439896e-05,BTCUSDT,okx
2024-09-07T00:00:00Z,4.21486244442e-05,BTCUSDT,okx
2024-09-07T08:00:00Z,1.64643142767e-05,BTCUSDT,okx
2024-09-07T16:00:00Z,-8.97420457905e-05,BTCUSDT,okx
2024-09-08T00:00:00Z,-8.24314079731e-05,BTCUSDT,okx
2024-09-08T08:00:00Z,-7.81938725908e-05,BTCUSDT,okx
2024-09-08T16:00:00Z,2.72668752144e-05,BTCUSDT,okx
2024-09-09T00:00:00Z,-2.4874434833e-06,BTCUSDT,okx
2024-09-09T08:00:00Z,1.42057496133e-05,BTCUSDT,okx
2024-09-09T16:00:00Z,-1.23258189239e-05,BTCUSDT,okx
2024-09-10T00:00:00Z,-3.69741721276e-05,BTCUSDT,okx
2024-09-10T08:00:00Z,-5.06565601329e-05,BTCUSDT,okx
2024-09-10T16:00:00Z,-1.89943663716e-05,BTCUSDT,okx
2024-09-11T00:00:00Z,4.90247870994e-05,BTCUSDT,okx
2024-09-11T08:00:00Z,2.15921637809e-05,BTCUSDT,okx
2024-09-11T16:00:00Z,2.7827950045e-06,BTCUSDT,okx
2024-09-12T00:00:00Z,6.21665050394e-05,BTCUSDT,okx
2024-09-12T08:00:00Z,2.0840995992e-06,BTCUSDT,okx
2024-09-12T16:00:00Z,-1.95010774571e-05,BTCUSDT,okx
2024-09-13T00:00:00Z,-1.99637698601e-05,BTCUSDT,okx
2024-09-13T08:00:00Z,-3.90285415843e-05,BTCUSDT,okx
2024-09-13T16:00:00Z,-4.1572742648e-06,BTCUSDT,okx
2024-09-14T00:00:00Z,2.31877284869e-05,BTCUSDT,okx
2024-09-14T08:00:00Z,2.5360763101e-06,BTCUSDT,okx
2024-09-14T16:00:00Z,-8.5594648367e-06,BTCUSDT,okx
2024-09-15T00:00:00Z,8.74846138695e-05,BTCUSDT,okx
2024-09-15T08:00:00Z,5.75381549331e-05,BTCUSDT,okx
2024-09-15T16:00:00Z,4.855951192e-07,BTCUSDT,okx
2024-09-16T00:00:00Z,-1.9662835988e-05,BTCUSDT,okx
2024-09-16T08:00:00Z,3.05816719728e-05,BTCUSDT,okx
2024-09-16T16:00:00Z,7.1445326969e-05,BTCUSDT,okx
2024-09-17T00:00:00Z,7.81578316568e-05,BTCUSDT,okx
2024-09-17T08:00:00Z,4.14237654257e-05,BTCUSDT,okx
2024-09-17T16:00:00Z,5.31822955174e-05,BTCUSDT,okx
2024-09-18T00:00:00Z,5.14960618758e-05,BTCUSDT,okx
2024-09-18T08:00:00Z,2.04907374973e-05,BTCUSDT,okx
2024-09-18T16:00:00Z,0.0001488576620223,BTCUSDT,okx
2024-09-19T00:00:00Z,1.7896070803e-05,BTCUSDT,okx
2024-09-19T08:00:00Z,9.71763690324e-05,BTCUSDT,okx
2024-09-19T16:00:00Z,0.0001213923775295,BTCUSDT,okx
2024-09-20T00:00:00Z,9.86915990237e-05,BTCUSDT,okx
2024-09-20T08:00:00Z,4.83032755125e-05,BTCUSDT,okx
2024-09-20T16:00:00Z,0.0001699425424424,BTCUSDT,okx
2024-09-21T00:00:00Z,9.19904608526e-05,BTCUSDT,okx
2024-09-21T08:00:00Z,0.0001186803662374,BTCUSDT,okx
2024-09-21T16:00:00Z,1.04767858378e-05,BTCUSDT,okx
2024-09-22T00:00:00Z,0.000123370011453,BTCUSDT,okx
2024-09-22T08:00:00Z,2.02039555224e-05,BTCUSDT,okx
2024-09-22T16:00:00Z,3.154258809e-06,BTCUSDT,okx
2024-09-23T00:00:00Z,3.23320761356e-05,BTCUSDT,okx
2024-09-23T08:00:00Z,0.0001217631876939,BTCUSDT,okx
2024-09-23T16:00:00Z,5.65786288504e-05,BTCUSDT,okx
2024-09-24T00:00:00Z,6.81261311599e-05,BTCUSDT,okx
2024-09-24T08:00:00Z,3.58409204677e-05,BTCUSDT,okx
2024-09-24T16:00:00Z,0.0001160284266456,BTCUSDT,okx
2024-09-25T00:00:00Z,5.98740941283e-05,BTCUSDT,okx
2024-09-25T08:00:00Z,4.83373813639e-05,BTCUSDT,okx
2024-09-25T16:00:00Z,9.02764904416e-05,BTCUSDT,okx
2024-09-26T00:00:00Z,9.90408638965e-05,BTCUSDT,okx
2024-09-26T08:00:00Z,6.10484398925e-05,BTCUSDT,okx
2024-09-26T16:00:00Z,6.34054161057e-05,BTCUSDT,okx
2024-09-27T00:00:00Z,-1.03034882538e-05,BTCUSDT,okx
2024-09-27T08:00:00Z,4.71269452703e-05,BTCUSDT,okx
2024-09-27T16:00:00Z,-4.7383434333e-05,BTCUSDT,okx
2024-09-28T00:00:00Z,-4.92725599678e-05,BTCUSDT,okx
2024-09-28T08:00:00Z,4.27053927793e-05,BTCUSDT,okx
2024-09-28T16:00:00Z,3.34076325126e-05,BTCUSDT,okx
2024-09-29T00:00:00Z,4.70194106773e-05,BTCUSDT,okx
2024-09-29T08:00:00Z,8.56210476412e-05,BTCUSDT,okx
2024-09-29T16:00:00Z,8.30494125887e-05,BTCUSDT,okx
2024-09-30T00:00:00Z,6.66211109008e-05,BTCUSDT,okx
2024-09-30T08:00:00Z,6.87009201181e-05,BTCUSDT,okx
2024-09-30T16:00:00Z,5.30553555529e-05,BTCUSDT,okx
2024-10-01T00:00:00Z,6.88422783341e-05,BTCUSDT,okx
2024-10-01T08:00:00Z,8.65015571905e-05,BTCUSDT,okx
2024-10-01T16:00:00Z,9.71974603045e-05,BTCUSDT,okx
2024-10-02T00:00:00Z,6.60095901965e-05,BTCUSDT,okx
2024-10-02T08:00:00Z,5.94780420923e-05,BTCUSDT,okx
2024-10-02T16:00:00Z,6.2118206823e-06,BTCUSDT,okx
2024-10-03T00:00:00Z,-4.07179179597e-05,BTCUSDT,okx
2024-10-03T08:00:00Z,7.50615575999e-05,BTCUSDT,okx
2024-10-03T16:00:00Z,2.64635922906e-05,BTCUSDT,okx
2024-10-04T00:00:00Z,1.45488730952e-05,BTCUSDT,okx
2024-10-04T08:00:00Z,7.17429637281e-05,BTCUSDT,okx
2024-10-04T16:00:00Z,6.48533811883e-05,BTCUSDT,okx
2024-10-05T00:00:00Z,3.14688325769e-05,BTCUSDT,okx
2024-10-05T08:00:00Z,3.52080489777e-05,BTCUSDT,okx
2024-10-05T16:00:00Z,-6.0942161207e-06,BTCUSDT,okx
2024-10-06T00:00:00Z,3.5062238346e-05,BTCUSDT,okx
2024-10-06T08:00:00Z,0.0001208954909496,BTCUSDT,okx
2024-10-06T16:00:00Z,7.52921901095e-05,BTCUSDT,okx
2024-10-07T00:00:00Z,0.0001169726293929,BTCUSDT,okx
2024-10-07T08:00:00Z,7.36527654307e-05,BTCUSDT,okx
2024-10-07T16:00:00Z,9.42703230974e-05,BTCUSDT,okx
2024-10-08T00:00:00Z,6.13609668888e-05,BTCUSDT,okx
2024-10-08T08:00:00Z,9.40933973306e-05,BTCUSDT,okx
2024-10-08T16:00:00Z,2.97706750317e-05,BTCUSDT,okx
2024-10-09T00:00:00Z,6.54805280385e-05,BTCUSDT,okx
2024-10-09T08:00:00Z,3.54746895436e-05,BTCUSDT,okx
2024-10-09T16:00:00Z,5.83802421446e-05,BTCUSDT,okx
2024-10-10T00:00:00Z,4.63439173055e-05,BTCUSDT,okx
2024-10-10T08:00:00Z,8.04336873442e-05,BTCUSDT,okx
2024-10-10T16:00:00Z,7.55939074536e-05,BTCUSDT,okx
2024-10-11T00:00:00Z,-2.1014334578e-05,BTCUSDT,okx
2024-10-11T08:00:00Z,3.2647688963e-05,BTCUSDT,okx
2024-10-11T16:00:00Z,-7.5231805764e-06,BTCUSDT,okx
2024-10-12T00:00:00Z,6.295380211e-07,BTCUSDT,okx
2024-10-12T08:00:00Z,5.02999693382e-05,BTCUSDT,okx
2024-10-12T16:00:00Z,1.8691472313e-05,BTCUSDT,okx
2024-10-13T00:00:00Z,4.27511565878e-05,BTCUSDT,okx
2024-10-13T08:00:00Z,1.2614151965e-05,BTCUSDT,okx
2024-10-13T16:00:00Z,6.58189749357e-05,BTCUSDT,okx
2024-10-14T00:00:00Z,0.0001091070590231,BTCUSDT,okx
2024-10-14T08:00:00Z,0.0001143371367152,BTCUSDT,okx
2024-10-14T16:00:00Z,9.18176842655e-05,BTCUSDT,okx
2024-10-15T00:00:00Z,0.0001270791372764,BTCUSDT,okx
2024-10-15T08:00:00Z,7.69829644217e-05,BTCUSDT,okx
2024-10-15T16:00:00Z,0.0001365559103279,BTCUSDT,okx
2024-10-16T00:00:00Z,0.0002179174382589,BTCUSDT,okx
2024-10-16T08:00:00Z,6.06492652642e-05,BTCUSDT,okx
2024-10-16T16:00:00Z,8.49525679093e-05,BTCUSDT,okx
2024-10-17T00:00:00Z,5.5311400582e-05,BTCUSDT,okx
2024-10-17T08:00:00Z,8.38296868081e-05,BTCUSDT,okx
2024-10-17T16:00:00Z,8.7990925123e-05,BTCUSDT,okx
2024-10-18T00:00:00Z,7.50823947012e-05,BTCUSDT,okx
2024-10-18T08:00:00Z,0.0001011735896491,BTCUSDT,okx
2024-10-18T16:00:00Z,5.41983744391e-05,BTCUSDT,okx
2024-10-19T00:00:00Z,7.31800226152e-05,BTCUSDT,okx
2024-10-19T08:00:00Z,8.09423221308e-05,BTCUSDT,okx
2024-10-19T16:00:00Z,3.04131541784e-05,BTCUSDT,okx
2024-10-20T00:00:00Z,7.82460787832e-05,BTCUSDT,okx
2024-10-20T08:00:00Z,8.88733816365e-05,BTCUSDT,okx
2024-10-20T16:00:00Z,5.42440329695e-05,BTCUSDT,okx
2024-10-21T00:00:00Z,9.39885854534e-05,BTCUSDT,okx
2024-10-21T08:00:00Z,-1.510320614e-07,BTCUSDT,okx
2024-10-21T16:00:00Z,0.0001050856190271,BTCUSDT,okx
2024-10-22T00:00:00Z,0.000125662413306,BTCUSDT,okx
2024-10-22T08:00:00Z,0.0002118426536539,BTCUSDT,okx
2024-10-22T16:00:00Z,-6.73068937479e-05,BTCUSDT,okx
2024-10-23T00:00:00Z,0.0001374059645134,BTCUSDT,okx
2024-10-23T08:00:00Z,5.66562715047e-05,BTCUSDT,okx
2024-10-23T16:00:00Z,5.37417821259e-05,BTCUSDT,okx
2024-10-24T00:00:00Z,8.1984790527e-05,BTCUSDT,okx
2024-10-24T08:00:00Z,4.27216678957e-05,BTCUSDT,okx
2024-10-24T16:00:00Z,0.0001130851243882,BTCUSDT,okx
2024-10-25T00:00:00Z,8.76414855688e-05,BTCUSDT,okx
2024-10-25T08:00:00Z,4.61276449586e-05,BTCUSDT,okx
2024-10-25T16:00:00Z,2.86648599772e-05,BTCUSDT,okx
2024-10-26T00:00:00Z,7.25816851229e-05,BTCUSDT,okx
2024-10-26T08:00:00Z,3.90291835831e-05,BTCUSDT,okx
2024-10-26T16:00:00Z,8.31031907619e-05,BTCUSDT,okx
2024-10-27T00:00:00Z,-5.36149593317e-05,BTCUSDT,okx
2024-10-27T08:00:00Z,5.3678072652e-06,BTCUSDT,okx
2024-10-27T16:00:00Z,2.76841630571e-05,BTCUSDT,okx
2024-10-28T00:00:00Z,2.99054625679e-05,BTCUSDT,okx
2024-10-28T08:00:00Z,-2.52435222406e-05,BTCUSDT,okx
2024-10-28T16:00:00Z,9.60728469485e-05,BTCUSDT,okx
2024-10-29T00:00:00Z,8.24937567111e-05,BTCUSDT,okx
2024-10-29T08:00:00Z,9.49061060959e-05,BTCUSDT,okx
2024-10-29T16:00:00Z,5.78041313316e-05,BTCUSDT,okx
2024-10-30T00:00:00Z,0.0001565975646713,BTCUSDT,okx
2024-10-30T08:00:00Z,8.0575818926e-05,BTCUSDT,okx
2024-10-30T16:00:00Z,0.0002948344068405,BTCUSDT,okx
2024-10-31T00:00:00Z,0.0002998116160182,BTCUSDT,okx
2024-10-31T08:00:00Z,0.0001849119490561,BTCUSDT,okx
2024-10-31T16:00:00Z,0.0001567337173578,BTCUSDT,okx
2024-11-01T00:00:00Z,3.05308698857e-05,BTCUSDT,okx
2024-11-01T08:00:00Z,0.0001243973386223,BTCUSDT,okx
2024-11-01T16:00:00Z,0.0001501473617418,BTCUSDT,okx
2024-11-02T00:00:00Z,8.16932199795e-05,BTCUSDT,okx
2024-11-02T08:00:00Z,7.7066652263e-06,BTCUSDT,okx
2024-11-02T16:00:00Z,0.0001439239870881,BTCUSDT,okx
2024-11-03T00:00:00Z,5.33911960402e-05,BTCUSDT,okx
2024-11-03T08:00:00Z,7.29881341606e-05,BTCUSDT,okx
2024-11-03T16:00:00Z,0.000105804867356,BTCUSDT,okx
2024-11-05T00:00:00Z,0.0001105572775259,BTCUSDT,okx
2024-11-05T08:00:00Z,7.67972891441e-05,BTCUSDT,okx
2024-11-05T16:00:00Z,3.61077152641e-05,BTCUSDT,okx
2024-11-06T00:00:00Z,2.27932773669e-05,BTCUSDT,okx
2024-11-06T08:00:00Z,0.0001186425541264,BTCUSDT,okx
2024-11-06T16:00:00Z,3.43701874472e-05,BTCUSDT,okx
2024-11-07T00:00:00Z,0.0002947827759872,BTCUSDT,okx
2024-11-07T08:00:00Z,0.000161605903321,BTCUSDT,okx
2024-11-07T16:00:00Z,0.0001501728971624,BTCUSDT,okx
2024-11-08T00:00:00Z,0.0003521490172019,BTCUSDT,okx
2024-11-08T08:00:00Z,0.0001921308987085,BTCUSDT,okx
2024-11-08T16:00:00Z,3.85007824383e-05,BTCUSDT,okx
2024-11-10T00:00:00Z,9.0822912889e-05,BTCUSDT,okx
2024-11-10T08:00:00Z,8.43627448946e-05,BTCUSDT,okx
2024-11-10T16:00:00Z,0.0001479220415559,BTCUSDT,okx
2024-11-11T00:00:00Z,0.0005170534757621,BTCUSDT,okx
2024-11-11T08:00:00Z,0.0003881159483783,BTCUSDT,okx
2024-11-11T16:00:00Z,0.0005822990523333,BTCUSDT,okx
2024-11-12T00:00:00Z,0.000158030776129,BTCUSDT,okx
2024-11-12T08:00:00Z,0.0001616535708987,BTCUSDT,okx
2024-11-12T16:00:00Z,0.0007486132987577,BTCUSDT,okx
2024-11-13T00:00:00Z,0.0007347061135341,BTCUSDT,okx
2024-11-13T08:00:00Z,0.0008206026339631,BTCUSDT,okx
2024-11-13T16:00:00Z,0.0001257377972329,BTCUSDT,okx
2024-11-14T00:00:00Z,0.0002428460781912,BTCUSDT,okx
2024-11-14T08:00:00Z,0.0002264625315038,BTCUSDT,okx
2024-11-14T16:00:00Z,0.0002405220179595,BTCUSDT,okx
2024-11-15T00:00:00Z,0.0002793614024967,BTCUSDT,okx
2024-11-15T08:00:00Z,0.0001578939709083,BTCUSDT,okx
2024-11-15T16:00:00Z,0.0002139370750742,BTCUSDT,okx
2024-11-16T00:00:00Z,0.0001705194503208,BTCUSDT,okx
2024-11-16T08:00:00Z,0.0001701589119393,BTCUSDT,okx
2024-11-16T16:00:00Z,0.000138453872809,BTCUSDT,okx
2024-11-17T00:00:00Z,0.0001735345590274,BTCUSDT,okx
2024-11-17T08:00:00Z,0.000212717019976,BTCUSDT,okx
2024-11-17T16:00:00Z,0.0002735398971184,BTCUSDT,okx
2024-11-18T00:00:00Z,0.0001164332502414,BTCUSDT,okx
2024-11-18T08:00:00Z,0.0002414082415928,BTCUSDT,okx
2024-11-18T16:00:00Z,0.0002215063748215,BTCUSDT,okx
2024-11-19T00:00:00Z,0.0004121491661374,BTCUSDT,okx
2024-11-19T08:00:00Z,0.0003211441951445,BTCUSDT,okx
2024-11-19T16:00:00Z,0.000334389218763,BTCUSDT,okx
2024-11-20T00:00:00Z,0.0002792253526061,BTCUSDT,okx
2024-11-20T08:00:00Z,0.0002823569164674,BTCUSDT,okx
2024-11-20T16:00:00Z,0.0001483571126897,BTCUSDT,okx
2024-11-21T00:00:00Z,0.0001187086940658,BTCUSDT,okx
2024-11-21T08:00:00Z,0.0001354215275793,BTCUSDT,okx
2024-11-21T16:00:00Z,-4.4037765548e-06,BTCUSDT,okx
2024-11-22T00:00:00Z,0.000141991368099,BTCUSDT,okx
2024-11-22T08:00:00Z,0.0003175989512559,BTCUSDT,okx
2024-11-22T16:00:00Z,0.0003078704002663,BTCUSDT,okx
2024-11-23T00:00:00Z,0.0003377307847426,BTCUSDT,okx
2024-11-23T08:00:00Z,0.0003045134308281,BTCUSDT,okx
2024-11-23T16:00:00Z,0.0001175727054352,BTCUSDT,okx
2024-11-24T00:00:00Z,0.0002111863016536,BTCUSDT,okx
2024-11-24T08:00:00Z,0.0002766236332794,BTCUSDT,okx
2024-11-24T16:00:00Z,0.0002684699157799,BTCUSDT,okx
2024-11-25T00:00:00Z,0.0002945751139024,BTCUSDT,okx
2024-11-25T08:00:00Z,0.0003283365714704,BTCUSDT,okx
2024-11-25T16:00:00Z,0.0003431280629002,BTCUSDT,okx
2024-11-26T00:00:00Z,0.0001658245802005,BTCUSDT,okx
2024-11-26T08:00:00Z,0.0004801699266631,BTCUSDT,okx
2024-11-26T16:00:00Z,0.0003355476561874,BTCUSDT,okx
2024-11-27T00:00:00Z,0.0003778078993501,BTCUSDT,okx
2024-11-27T08:00:00Z,0.0004260457833682,BTCUSDT,okx
2024-11-27T16:00:00Z,0.0002846704114135,BTCUSDT,okx
2024-11-28T00:00:00Z,0.0002455495411841,BTCUSDT,okx
2024-11-28T08:00:00Z,9.71074286204e-05,BTCUSDT,okx
2024-11-28T16:00:00Z,0.0001197922943317,BTCUSDT,okx
2024-11-29T00:00:00Z,0.0001240828223072,BTCUSDT,okx
2024-11-29T08:00:00Z,0.0001348340270425,BTCUSDT,okx
2024-11-29T16:00:00Z,0.0002886202826945,BTCUSDT,okx
2024-11-30T00:00:00Z,0.0001945279125759,BTCUSDT,okx
2024-11-30T08:00:00Z,0.0002211598053583,BTCUSDT,okx
2024-11-30T16:00:00Z,0.0001627396501391,BTCUSDT,okx
2024-12-01T00:00:00Z,8.54545925374e-05,BTCUSDT,okx
2024-12-01T08:00:00Z,8.14268578536e-05,BTCUSDT,okx
2024-12-01T16:00:00Z,0.0001209004299864,BTCUSDT,okx
2024-12-02T00:00:00Z,0.0001510120375119,BTCUSDT,okx
2024-12-02T08:00:00Z,0.0001624427622164,BTCUSDT,okx
2024-12-02T16:00:00Z,0.0002529658773608,BTCUSDT,okx
2024-12-04T00:00:00Z,0.0003117777890832,BTCUSDT,okx
2024-12-04T08:00:00Z,0.0002139849510857,BTCUSDT,okx
2024-12-04T16:00:00Z,0.0003603127448203,BTCUSDT,okx
2024-12-05T00:00:00Z,0.000346214266627,BTCUSDT,okx
2024-12-05T08:00:00Z,0.0003708831236258,BTCUSDT,okx
2024-12-05T16:00:00Z,0.0004208741690303,BTCUSDT,okx
2024-12-06T00:00:00Z,0.0011938280077523,BTCUSDT,okx
2024-12-06T08:00:00Z,0.00078234164269,BTCUSDT,okx
2024-12-06T16:00:00Z,0.0002566184753591,BTCUSDT,okx
2024-12-07T00:00:00Z,0.0001985549535995,BTCUSDT,okx
2024-12-07T08:00:00Z,8.07922638732e-05,BTCUSDT,okx
2024-12-07T16:00:00Z,0.000312825490329,BTCUSDT,okx
2024-12-08T00:00:00Z,4.33169926461e-05,BTCUSDT,okx
2024-12-08T08:00:00Z,1.09374540788e-05,BTCUSDT,okx
2024-12-08T16:00:00Z,9.31421326471e-05,BTCUSDT,okx
2024-12-09T00:00:00Z,9.8935375457e-05,BTCUSDT,okx
2024-12-09T08:00:00Z,5.4569733792e-05,BTCUSDT,okx
2024-12-09T16:00:00Z,0.0002049875059736,BTCUSDT,okx
2024-12-10T00:00:00Z,0.0001201771998885,BTCUSDT,okx
2024-12-10T08:00:00Z,9.67326414838e-05,BTCUSDT,okx
2024-12-10T16:00:00Z,3.19999885168e-05,BTCUSDT,okx
2024-12-11T00:00:00Z,3.7132163845e-06,BTCUSDT,okx
2024-12-11T08:00:00Z,2.03010333303e-05,BTCUSDT,okx
2024-12-11T16:00:00Z,1.21807992151e-05,BTCUSDT,okx
2024-12-12T00:00:00Z,9.3842633397e-06,BTCUSDT,okx
2024-12-12T08:00:00Z,1.66200093136e-05,BTCUSDT,okx
2024-12-12T16:00:00Z,2.08535766656e-05,BTCUSDT,okx
2024-12-13T00:00:00Z,4.84154253987e-05,BTCUSDT,okx
2024-12-13T08:00:00Z,3.87697039088e-05,BTCUSDT,okx
2024-12-13T16:00:00Z,4.01696899011e-05,BTCUSDT,okx
2024-12-14T00:00:00Z,6.6457577835e-06,BTCUSDT,okx
2024-12-14T08:00:00Z,3.2486661833e-05,BTCUSDT,okx
2024-12-14T16:00:00Z,4.81129904905e-05,BTCUSDT,okx
2024-12-15T00:00:00Z,1.6900830805e-06,BTCUSDT,okx
2024-12-15T08:00:00Z,4.27696766062e-05,BTCUSDT,okx
2024-12-15T16:00:00Z,5.39074997942e-05,BTCUSDT,okx
2024-12-16T00:00:00Z,4.71718509473e-05,BTCUSDT,okx
2024-12-16T08:00:00Z,5.02604984037e-05,BTCUSDT,okx
2024-12-16T16:00:00Z,8.42629630243e-05,BTCUSDT,okx
2024-12-17T00:00:00Z,0.000145510780233,BTCUSDT,okx
2024-12-17T08:00:00Z,8.1640589056e-05,BTCUSDT,okx
2024-12-17T16:00:00Z,4.25173688729e-05,BTCUSDT,okx
2024-12-18T00:00:00Z,5.87930884537e-05,BTCUSDT,okx
2024-12-18T08:00:00Z,6.3220324072e-05,BTCUSDT,okx
2024-12-18T16:00:00Z,7.56083850373e-05,BTCUSDT,okx
2024-12-19T00:00:00Z,-1.4629289615e-05,BTCUSDT,okx
2024-12-19T08:00:00Z,-5.5154361411e-06,BTCUSDT,okx
2024-12-19T16:00:00Z,2.22033004994e-05,BTCUSDT,okx
2024-12-20T00:00:00Z,-1.47332204764e-05,BTCUSDT,okx
2024-12-20T08:00:00Z,-2.0059203017e-05,BTCUSDT,okx
2024-12-20T16:00:00Z,-1.30421631125e-05,BTCUSDT,okx
2024-12-21T00:00:00Z,1.02783231079e-05,BTCUSDT,okx
2024-12-21T08:00:00Z,4.20059562204e-05,BTCUSDT,okx
2024-12-21T16:00:00Z,-1.50412251339e-05,BTCUSDT,okx
2024-12-22T00:00:00Z,-4.07459658404e-05,BTCUSDT,okx
2024-12-22T08:00:00Z,4.56247078554e-05,BTCUSDT,okx
2024-12-22T16:00:00Z,2.10696946845e-05,BTCUSDT,okx
2024-12-23T00:00:00Z,3.09582024289e-05,BTCUSDT,okx
2024-12-23T08:00:00Z,4.0065875656e-06,BTCUSDT,okx
2024-12-23T16:00:00Z,-4.80791710787e-05,BTCUSDT,okx
2024-12-24T00:00:00Z,5.0741101048e-06,BTCUSDT,okx
2024-12-24T08:00:00Z,1.72288745401e-05,BTCUSDT,okx
2024-12-24T16:00:00Z,-1.6146919303e-05,BTCUSDT,okx
2024-12-25T00:00:00Z,1.73953755059e-05,BTCUSDT,okx
2024-12-25T08:00:00Z,1.79048271188e-05,BTCUSDT,okx
2024-12-25T16:00:00Z,2.72830135973e-05,BTCUSDT,okx
2024-12-27T00:00:00Z,2.6448212989e-05,BTCUSDT,okx
2024-12-27T08:00:00Z,1.54226746377e-05,BTCUSDT,okx
2024-12-27T16:00:00Z,5.806647894e-07,BTCUSDT,okx
2024-12-28T00:00:00Z,7.12887390216e-05,BTCUSDT,okx
2024-12-28T08:00:00Z,5.92948299931e-05,BTCUSDT,okx
2024-12-28T16:00:00Z,1.5824267745e-05,BTCUSDT,okx
2024-12-29T00:00:00Z,-5.8653889919e-06,BTCUSDT,okx
2024-12-29T08:00:00Z,-9.7554802852e-06,BTCUSDT,okx
2024-12-29T16:00:00Z,-1.40663684654e-05,BTCUSDT,okx
2024-12-30T00:00:00Z,-6.0060062585e-06,BTCUSDT,okx
2024-12-30T08:00:00Z,3.78980039232e-05,BTCUSDT,okx
2024-12-30T16:00:00Z,1.0454994571e-06,BTCUSDT,okx
2024-12-31T00:00:00Z,2.07872886305e-05,BTCUSDT,okx
2024-12-31T08:00:00Z,8.1743606779e-05,BTCUSDT,okx
2024-12-31T16:00:00Z,7.90835483317e-05,BTCUSDT,okx
2025-01-01T00:00:00Z,4.74261361341e-05,BTCUSDT,okx
2025-01-01T08:00:00Z,8.62396441785e-05,BTCUSDT,okx
2025-01-01T16:00:00Z,0.0001056816096733,BTCUSDT,okx
2025-01-02T00:00:00Z,-7.2839903898e-06,BTCUSDT,okx
2025-01-02T08:00:00Z,9.1420375458e-05,BTCUSDT,okx
2025-01-02T16:00:00Z,0.0001501668033285,BTCUSDT,okx
2025-01-03T00:00:00Z,0.0001299068343395,BTCUSDT,okx
2025-01-03T08:00:00Z,8.4355314533e-06,BTCUSDT,okx
2025-01-03T16:00:00Z,9.58970581672e-05,BTCUSDT,okx
2025-01-04T00:00:00Z,5.55209831077e-05,BTCUSDT,okx
2025-01-04T08:00:00Z,6.87127780262e-05,BTCUSDT,okx
2025-01-04T16:00:00Z,2.23484648131e-05,BTCUSDT,okx
2025-01-05T00:00:00Z,9.08090179688e-05,BTCUSDT,okx
2025-01-05T08:00:00Z,3.73539552114e-05,BTCUSDT,okx
2025-01-05T16:00:00Z,9.76979388507e-05,BTCUSDT,okx
2025-01-06T00:00:00Z,7.36982116825e-05,BTCUSDT,okx
2025-01-06T08:00:00Z,3.7876875761e-06,BTCUSDT,okx
2025-01-06T16:00:00Z,6.13371073419e-05,BTCUSDT,okx
2025-01-07T00:00:00Z,8.82354294291e-05,BTCUSDT,okx
2025-01-07T08:00:00Z,2.78176764966e-05,BTCUSDT,okx
2025-01-07T16:00:00Z,3.66271613002e-05,BTCUSDT,okx
2025-01-08T00:00:00Z,-4.0816442655e-06,BTCUSDT,okx
2025-01-08T08:00:00Z,8.9418028782e-05,BTCUSDT,okx
2025-01-08T16:00:00Z,5.5196962638e-06,BTCUSDT,okx
2025-01-09T00:00:00Z,5.65130504889e-05,BTCUSDT,okx
2025-01-09T08:00:00Z,2.19565905752e-05,BTCUSDT,okx
2025-01-09T16:00:00Z,-4.00483572932e-05,BTCUSDT,okx
2025-01-10T00:00:00Z,4.86757722429e-05,BTCUSDT,okx
2025-01-10T08:00:00Z,-2.59032516108e-05,BTCUSDT,okx
2025-01-10T16:00:00Z,1.67338208708e-05,BTCUSDT,okx
2025-01-11T00:00:00Z,-4.5985023716e-06,BTCUSDT,okx
2025-01-11T08:00:00Z,1.16235812146e-05,BTCUSDT,okx
2025-01-11T16:00:00Z,5.90088601742e-05,BTCUSDT,okx
2025-01-12T00:00:00Z,3.65864517831e-05,BTCUSDT,okx
2025-01-12T08:00:00Z,9.13445491799e-05,BTCUSDT,okx
2025-01-12T16:00:00Z,6.84586951169e-05,BTCUSDT,okx
2025-01-13T00:00:00Z,6.62466014965e-05,BTCUSDT,okx
2025-01-13T08:00:00Z,7.21685309089e-05,BTCUSDT,okx
2025-01-13T16:00:00Z,2.98573683257e-05,BTCUSDT,okx
2025-01-14T00:00:00Z,4.90962325573e-05,BTCUSDT,okx
2025-01-14T08:00:00Z,2.86086823839e-05,BTCUSDT,okx
2025-01-14T16:00:00Z,4.11933322084e-05,BTCUSDT,okx
2025-01-15T00:00:00Z,6.85101065161e-05,BTCUSDT,okx
2025-01-15T08:00:00Z,7.26519327341e-05,BTCUSDT,okx
2025-01-15T16:00:00Z,1.40144569318e-05,BTCUSDT,okx
2025-01-16T00:00:00Z,1.5682299059e-05,BTCUSDT,okx
2025-01-16T08:00:00Z,7.74487785233e-05,BTCUSDT,okx
2025-01-16T16:00:00Z,3.25819411721e-05,BTCUSDT,okx
2025-01-17T00:00:00Z,8.36211388034e-05,BTCUSDT,okx
2025-01-17T08:00:00Z,8.55399793401e-05,BTCUSDT,okx
2025-01-17T16:00:00Z,4.85450621342e-05,BTCUSDT,okx
2025-01-18T00:00:00Z,0.0001145807957497,BTCUSDT,okx
2025-01-18T08:00:00Z,4.29236505119e-05,BTCUSDT,okx
2025-01-18T16:00:00Z,6.68825048546e-05,BTCUSDT,okx
2025-01-19T00:00:00Z,0.0001140983618037,BTCUSDT,okx
2025-01-19T08:00:00Z,4.02909341493e-05,BTCUSDT,okx
2025-01-19T16:00:00Z,0.0001480913819865,BTCUSDT,okx
2025-01-20T00:00:00Z,0.0001189080065802,BTCUSDT,okx
2025-01-20T08:00:00Z,0.000158817178321,BTCUSDT,okx
2025-01-20T16:00:00Z,0.0001833067187562,BTCUSDT,okx
2025-01-21T00:00:00Z,0.0002372002236326,BTCUSDT,okx
2025-01-21T08:00:00Z,0.000385107541616,BTCUSDT,okx
2025-01-21T16:00:00Z,4.49611944366e-05,BTCUSDT,okx
2025-01-22T00:00:00Z,-6.8687363521e-06,BTCUSDT,okx
2025-01-22T08:00:00Z,2.3326477275e-06,BTCUSDT,okx
2025-01-22T16:00:00Z,0.0001370461719014,BTCUSDT,okx
2025-01-23T00:00:00Z,7.3762821308e-05,BTCUSDT,okx
2025-01-23T08:00:00Z,2.4405514163e-06,BTCUSDT,okx
2025-01-23T16:00:00Z,-4.05663450805e-05,BTCUSDT,okx
2025-01-24T00:00:00Z,7.6663870745e-06,BTCUSDT,okx
2025-01-24T08:00:00Z,4.09850331431e-05,BTCUSDT,okx
2025-01-24T16:00:00Z,1.48735851634e-05,BTCUSDT,okx
2025-01-25T00:00:00Z,3.98629315883e-05,BTCUSDT,okx
2025-01-25T08:00:00Z,4.490526084e-06,BTCUSDT,okx
2025-01-25T16:00:00Z,8.70524943202e-05,BTCUSDT,okx
2025-01-26T00:00:00Z,6.86213203319e-05,BTCUSDT,okx
2025-01-26T08:00:00Z,8.4989582925e-06,BTCUSDT,okx
2025-01-26T16:00:00Z,1.29413476524e-05,BTCUSDT,okx
2025-01-27T00:00:00Z,4.94591774667e-05,BTCUSDT,okx
2025-01-27T08:00:00Z,1.92927663416e-05,BTCUSDT,okx
2025-01-27T16:00:00Z,7.79859947985e-05,BTCUSDT,okx
2025-01-28T00:00:00Z,-4.70284552473e-05,BTCUSDT,okx
2025-01-28T08:00:00Z,-1.01401833668e-05,BTCUSDT,okx
2025-01-28T16:00:00Z,3.51387831126e-05,BTCUSDT,okx
2025-01-30T00:00:00Z,0.0001003880724101,BTCUSDT,okx
2025-01-30T08:00:00Z,7.59376668742e-05,BTCUSDT,okx
2025-01-30T16:00:00Z,0.0001008943762973,BTCUSDT,okx
2025-01-31T00:00:00Z,8.21933041292e-05,BTCUSDT,okx
2025-01-31T08:00:00Z,0.0001089629996911,BTCUSDT,okx
2025-01-31T16:00:00Z,-6.1326253944e-06,BTCUSDT,okx
2025-02-01T00:00:00Z,9.06797400403e-05,BTCUSDT,okx
2025-02-01T08:00:00Z,-2.21085914898e-05,BTCUSDT,okx
2025-02-01T16:00:00Z,3.79493105252e-05,BTCUSDT,okx
2025-02-02T00:00:00Z,-2.28801364113e-05,BTCUSDT,okx
2025-02-02T08:00:00Z,5.25399709949e-05,BTCUSDT,okx
2025-02-02T16:00:00Z,-8.604899079e-06,BTCUSDT,okx
2025-02-03T00:00:00Z,-3.875298082e-07,BTCUSDT,okx
2025-02-03T08:00:00Z,-4.4910152505e-06,BTCUSDT,okx
2025-02-03T16:00:00Z,4.55703149494e-05,BTCUSDT,okx
2025-02-05T00:00:00Z,8.30941001334e-05,BTCUSDT,okx
2025-02-05T08:00:00Z,-4.82820273348e-05,BTCUSDT,okx
2025-02-05T16:00:00Z,5.40772025021e-05,BTCUSDT,okx
2025-02-06T00:00:00Z,1.29407779355e-05,BTCUSDT,okx
2025-02-06T08:00:00Z,-2.23643078335e-05,BTCUSDT,okx
2025-02-06T16:00:00Z,1.40178649685e-05,BTCUSDT,okx
2025-02-07T00:00:00Z,3.18138911263e-05,BTCUSDT,okx
2025-02-07T08:00:00Z,1.67835913343e-05,BTCUSDT,okx
2025-02-07T16:00:00Z,2.4261616621e-05,BTCUSDT,okx
2025-02-08T00:00:00Z,1.1504924026e-06,BTCUSDT,okx
2025-02-08T08:00:00Z,6.19005943248e-05,BTCUSDT,okx
2025-02-08T16:00:00Z,-2.30883314092e-05,BTCUSDT,okx
2025-02-09T00:00:00Z,6.45202508298e-05,BTCUSDT,okx
2025-02-09T08:00:00Z,3.04607770232e-05,BTCUSDT,okx
2025-02-09T16:00:00Z,2.49801328379e-05,BTCUSDT,okx
2025-02-10T00:00:00Z,9.8879998399e-06,BTCUSDT,okx
2025-02-10T08:00:00Z,8.99421294218e-05,BTCUSDT,okx
2025-02-10T16:00:00Z,1.89394709778e-05,BTCUSDT,okx
2025-02-11T00:00:00Z,8.07293224221e-05,BTCUSDT,okx
2025-02-11T08:00:00Z,4.78106361764e-05,BTCUSDT,okx
2025-02-11T16:00:00Z,-3.42361735612e-05,BTCUSDT,okx
2025-02-12T00:00:00Z,-6.1954627955e-06,BTCUSDT,okx
2025-02-12T08:00:00Z,-2.72584687826e-05,BTCUSDT,okx
2025-02-12T16:00:00Z,1.38385034545e-05,BTCUSDT,okx
2025-02-13T00:00:00Z,2.96153778621e-05,BTCUSDT,okx
2025-02-13T08:00:00Z,5.8787462508e-05,BTCUSDT,okx
2025-02-13T16:00:00Z,6.65140624928e-05,BTCUSDT,okx
2025-02-14T00:00:00Z,0.0001006047272144,BTCUSDT,okx
2025-02-14T08:00:00Z,7.8339816755e-05,BTCUSDT,okx
2025-02-14T16:00:00Z,5.30874719679e-05,BTCUSDT,okx
2025-02-15T00:00:00Z,7.12302763154e-05,BTCUSDT,okx
2025-02-15T08:00:00Z,8.5086218981e-05,BTCUSDT,okx
2025-02-15T16:00:00Z,3.42486553037e-05,BTCUSDT,okx
2025-02-16T00:00:00Z,6.24377733942e-05,BTCUSDT,okx
2025-02-16T08:00:00Z,9.85551271914e-05,BTCUSDT,okx
2025-02-16T16:00:00Z,0.0001319656754745,BTCUSDT,okx
2025-02-17T00:00:00Z,9.02439683294e-05,BTCUSDT,okx
2025-02-17T08:00:00Z,4.99218121521e-05,BTCUSDT,okx
2025-02-17T16:00:00Z,3.84252065646e-05,BTCUSDT,okx
2025-02-18T00:00:00Z,-4.8215984289e-06,BTCUSDT,okx
2025-02-18T08:00:00Z,-9.5741103012e-06,BTCUSDT,okx
2025-02-18T16:00:00Z,7.3680589639e-06,BTCUSDT,okx
2025-02-19T00:00:00Z,1.10872635396e-05,BTCUSDT,okx
2025-02-19T08:00:00Z,6.49685334417e-05,BTCUSDT,okx
2025-02-19T16:00:00Z,6.637911533e-06,BTCUSDT,okx
2025-02-20T00:00:00Z,5.58401517044e-05,BTCUSDT,okx
2025-02-20T08:00:00Z,7.22349727942e-05,BTCUSDT,okx
2025-02-20T16:00:00Z,-2.10839026734e-05,BTCUSDT,okx
2025-02-21T00:00:00Z,7.312692404e-06,BTCUSDT,okx
2025-02-21T08:00:00Z,-4.74025674156e-05,BTCUSDT,okx
2025-02-21T16:00:00Z,-1.36270013336e-05,BTCUSDT,okx
2025-02-23T00:00:00Z,-2.00775595501e-05,BTCUSDT,okx
2025-02-23T08:00:00Z,-4.95858449545e-05,BTCUSDT,okx
2025-02-23T16:00:00Z,5.17327403529e-05,BTCUSDT,okx
2025-02-24T00:00:00Z,1.39658330195e-05,BTCUSDT,okx
2025-02-24T08:00:00Z,4.28277237316e-05,BTCUSDT,okx
2025-02-24T16:00:00Z,3.87402212826e-05,BTCUSDT,okx
2025-02-25T00:00:00Z,4.60017651443e-05,BTCUSDT,okx
2025-02-25T08:00:00Z,3.54694730934e-05,BTCUSDT,okx
2025-02-25T16:00:00Z,-3.1085067109e-06,BTCUSDT,okx
2025-02-26T00:00:00Z,4.06958798117e-05,BTCUSDT,okx
2025-02-26T08:00:00Z,0.0001303665431242,BTCUSDT,okx
2025-02-26T16:00:00Z,4.54177869006e-05,BTCUSDT,okx
2025-02-27T00:00:00Z,-1.21187360718e-05,BTCUSDT,okx
2025-02-27T08:00:00Z,8.1713153974e-06,BTCUSDT,okx
2025-02-27T16:00:00Z,0.0001059834458874,BTCUSDT,okx
2025-02-28T00:00:00Z,2.92380803675e-05,BTCUSDT,okx
2025-02-28T08:00:00Z,4.33433396271e-05,BTCUSDT,okx
2025-02-28T16:00:00Z,8.73364057593e-05,BTCUSDT,okx
2025-03-01T00:00:00Z,7.07323558526e-05,BTCUSDT,okx
2025-03-01T08:00:00Z,3.55385977015e-05,BTCUSDT,okx
2025-03-01T16:00:00Z,1.93194156996e-05,BTCUSDT,okx
2025-03-02T00:00:00Z,-2.70206018992e-05,BTCUSDT,okx
2025-03-02T08:00:00Z,-2.49144480413e-05,BTCUSDT,okx
2025-03-02T16:00:00Z,-6.08081813162e-05,BTCUSDT,okx
2025-03-03T00:00:00Z,-7.6596841221e-06,BTCUSDT,okx
2025-03-03T08:00:00Z,1.98057963288e-05,BTCUSDT,okx
2025-03-03T16:00:00Z,6.38153320503e-05,BTCUSDT,okx
2025-03-04T00:00:00Z,7.13409113342e-05,BTCUSDT,okx
2025-03-04T08:00:00Z,-3.53528028141e-05,BTCUSDT,okx
2025-03-04T16:00:00Z,-2.7269950247e-06,BTCUSDT,okx
2025-03-05T00:00:00Z,3.72524259119e-05,BTCUSDT,okx
2025-03-05T08:00:00Z,-5.6765471462e-06,BTCUSDT,okx
2025-03-05T16:00:00Z,-7.33301249463e-05,BTCUSDT,okx
2025-03-06T00:00:00Z,-8.10134561e-07,BTCUSDT,okx
2025-03-06T08:00:00Z,-2.79609337058e-05,BTCUSDT,okx
2025-03-06T16:00:00Z,8.015809271e-07,BTCUSDT,okx
2025-03-07T00:00:00Z,2.58687605401e-05,BTCUSDT,okx
2025-03-07T08:00:00Z,6.12658379449e-05,BTCUSDT,okx
2025-03-07T16:00:00Z,-5.33870516053e-05,BTCUSDT,okx
2025-03-08T00:00:00Z,-3.83979187481e-05,BTCUSDT,okx
2025-03-08T08:00:00Z,-2.81031179286e-05,BTCUSDT,okx
2025-03-08T16:00:00Z,-7.8071228e-07,BTCUSDT,okx
2025-03-09T00:00:00Z,-3.46194377921e-05,BTCUSDT,okx
2025-03-09T08:00:00Z,-5.0023715648e-06,BTCUSDT,okx
2025-03-09T16:00:00Z,2.61705978677e-05,BTCUSDT,okx
2025-03-10T00:00:00Z,1.54866900761e-05,BTCUSDT,okx
2025-03-10T08:00:00Z,6.9587298077e-06,BTCUSDT,okx
2025-03-10T16:00:00Z,2.0584728913e-05,BTCUSDT,okx
2025-03-11T00:00:00Z,1.57546005291e-05,BTCUSDT,okx
2025-03-11T08:00:00Z,4.2405284771e-05,BTCUSDT,okx
2025-03-11T16:00:00Z,3.33671115249e-05,BTCUSDT,okx
2025-03-12T00:00:00Z,1.20266658042e-05,BTCUSDT,okx
2025-03-12T08:00:00Z,2.81666936615e-05,BTCUSDT,okx
2025-03-12T16:00:00Z,-1.17295134216e-05,BTCUSDT,okx
2025-03-13T00:00:00Z,2.33625092804e-05,BTCUSDT,okx
2025-03-13T08:00:00Z,-2.45911115234e-05,BTCUSDT,okx
2025-03-13T16:00:00Z,2.28923072122e-05,BTCUSDT,okx
2025-03-14T00:00:00Z,3.30354059932e-05,BTCUSDT,okx
2025-03-14T08:00:00Z,2.14495200418e-05,BTCUSDT,okx
2025-03-14T16:00:00Z,6.0348368701e-05,BTCUSDT,okx
2025-03-15T00:00:00Z,7.57295692859e-05,BTCUSDT,okx
2025-03-15T08:00:00Z,5.07368133084e-05,BTCUSDT,okx
2025-03-15T16:00:00Z,1.44820243246e-05,BTCUSDT,okx
2025-03-17T00:00:00Z,-2.98700722602e-05,BTCUSDT,okx
2025-03-17T08:00:00Z,1.5805169976e-05,BTCUSDT,okx
2025-03-17T16:00:00Z,2.67512783414e-05,BTCUSDT,okx
2025-03-18T00:00:00Z,-3.5964534151e-06,BTCUSDT,okx
2025-03-18T08:00:00Z,-2.66857975707e-05,BTCUSDT,okx
2025-03-18T16:00:00Z,6.999563067e-07,BTCUSDT,okx
2025-03-19T00:00:00Z,3.18051367472e-05,BTCUSDT,okx
2025-03-19T08:00:00Z,1.03144864715e-05,BTCUSDT,okx
2025-03-19T16:00:00Z,-4.48916077915e-05,BTCUSDT,okx
2025-03-20T00:00:00Z,-3.88902239704e-05,BTCUSDT,okx
2025-03-20T08:00:00Z,1.20875200887e-05,BTCUSDT,okx
2025-03-20T16:00:00Z,2.63800362912e-05,BTCUSDT,okx
2025-03-21T00:00:00Z,7.20882625147e-05,BTCUSDT,okx
2025-03-21T08:00:00Z,-1.10462868502e-05,BTCUSDT,okx
2025-03-21T16:00:00Z,-4.88878081486e-05,BTCUSDT,okx
2025-03-22T00:00:00Z,-4.8664442682e-06,BTCUSDT,okx
2025-03-22T08:00:00Z,-5.975977719e-07,BTCUSDT,okx
2025-03-22T16:00:00Z,-5.30586249009e-05,BTCUSDT,okx
2025-03-23T00:00:00Z,-1.30587076897e-05,BTCUSDT,okx
2025-03-23T08:00:00Z,-2.80383689279e-05,BTCUSDT,okx
2025-03-23T16:00:00Z,-2.96485238936e-05,BTCUSDT,okx
2025-03-24T00:00:00Z,8.9503466196e-06,BTCUSDT,okx
2025-03-24T08:00:00Z,3.49505342739e-05,BTCUSDT,okx
2025-03-24T16:00:00Z,2.39135344976e-05,BTCUSDT,okx
2025-03-25T00:00:00Z,1.1268895976e-06,BTCUSDT,okx
2025-03-25T08:00:00Z,-8.40654280118e-05,BTCUSDT,okx
2025-03-25T16:00:00Z,-3.24571182878e-05,BTCUSDT,okx
2025-03-26T00:00:00Z,2.66668178222e-05,BTCUSDT,okx
2025-03-26T08:00:00Z,-1.9068284966e-05,BTCUSDT,okx
2025-03-26T16:00:00Z,1.30318173322e-05,BTCUSDT,okx
2025-03-27T00:00:00Z,-1.86924061103e-05,BTCUSDT,okx
2025-03-27T08:00:00Z,-2.36433503676e-05,BTCUSDT,okx
2025-03-27T16:00:00Z,1.30652429009e-05,BTCUSDT,okx
2025-03-28T00:00:00Z,-3.93381754326e-05,BTCUSDT,okx
2025-03-28T08:00:00Z,-1.86110680025e-05,BTCUSDT,okx
2025-03-28T16:00:00Z,-2.73619012951e-05,BTCUSDT,okx
2025-03-29T00:00:00Z,0.0001,BTCUSDT,okx
2025-03-29T00:00:00Z,-2.91725644984e-05,BTCUSDT,okx
2025-03-29T08:00:00Z,0.0001,BTCUSDT,okx
2025-03-29T08:00:00Z,7.21899018685e-05,BTCUSDT,okx
2025-03-29T16:00:00Z,1.4898744478e-05,BTCUSDT,okx
2025-03-29T16:00:00Z,0.0001,BTCUSDT,okx
2025-03-30T00:00:00Z,5.65954425268e-05,BTCUSDT,okx
2025-03-30T00:00:00Z,0.0001,BTCUSDT,okx
2025-03-30T08:00:00Z,0.0001,BTCUSDT,okx
2025-03-30T08:00:00Z,-1.72587365217e-05,BTCUSDT,okx
2025-03-30T16:00:00Z,5.43924619728e-05,BTCUSDT,okx
2025-03-30T16:00:00Z,0.0001,BTCUSDT,okx
2025-03-31T00:00:00Z,0.0001,BTCUSDT,okx
2025-03-31T00:00:00Z,1.23189961578e-05,BTCUSDT,okx
2025-03-31T08:00:00Z,0.0001,BTCUSDT,okx
2025-03-31T08:00:00Z,3.99513770431e-05,BTCUSDT,okx
2025-03-31T16:00:00Z,0.0001,BTCUSDT,okx
2025-03-31T16:00:00Z,1.37653005509e-05,BTCUSDT,okx
2025-04-01T00:00:00Z,0.0001,BTCUSDT,okx
2025-04-01T00:00:00Z,8.11106899735e-05,BTCUSDT,okx
2025-04-01T08:00:00Z,0.0001,BTCUSDT,okx
2025-04-01T08:00:00Z,5.19497437425e-05,BTCUSDT,okx
2025-04-01T16:00:00Z,7.91438598591e-05,BTCUSDT,okx
2025-04-01T16:00:00Z,0.0001,BTCUSDT,okx
2025-04-02T00:00:00Z,0.0001,BTCUSDT,okx
2025-04-02T00:00:00Z,2.68671544709e-05,BTCUSDT,okx
2025-04-02T08:00:00Z,7.05782288482e-05,BTCUSDT,okx
2025-04-02T08:00:00Z,0.0001,BTCUSDT,okx
2025-04-02T16:00:00Z,8.59375336561e-05,BTCUSDT,okx
2025-04-02T16:00:00Z,0.0001,BTCUSDT,okx
2025-04-03T00:00:00Z,1.49155533915e-05,BTCUSDT,okx
2025-04-03T00:00:00Z,0.0001,BTCUSDT,okx
2025-04-03T08:00:00Z,2.50011487964e-05,BTCUSDT,okx
2025-04-03T08:00:00Z,0.0001,BTCUSDT,okx
2025-04-03T16:00:00Z,8.14053658025e-05,BTCUSDT,okx
2025-04-03T16:00:00Z,0.0001,BTCUSDT,okx
2025-04-04T00:00:00Z,5.9757601763e-06,BTCUSDT,okx
2025-04-04T00:00:00Z,0.0001,BTCUSDT,okx
2025-04-04T08:00:00Z,0.0001,BTCUSDT,okx
2025-04-04T08:00:00Z,7.34300354967e-05,BTCUSDT,okx
2025-04-04T16:00:00Z,6.09183176873e-05,BTCUSDT,okx
2025-04-04T16:00:00Z,0.0001,BTCUSDT,okx
2025-04-05T00:00:00Z,0.0001,BTCUSDT,okx
2025-04-05T00:00:00Z,3.26394036496e-05,BTCUSDT,okx
2025-04-05T08:00:00Z,8.05939281586e-05,BTCUSDT,okx
2025-04-05T08:00:00Z,0.0001,BTCUSDT,okx
2025-04-05T16:00:00Z,0.0001,BTCUSDT,okx
2025-04-05T16:00:00Z,6.12175234696e-05,BTCUSDT,okx
2025-04-06T00:00:00Z,0.0001,BTCUSDT,okx
2025-04-06T00:00:00Z,9.64316253667e-05,BTCUSDT,okx
2025-04-06T08:00:00Z,0.0001,BTCUSDT,okx
2025-04-06T08:00:00Z,0.0001162805323808,BTCUSDT,okx
2025-04-06T16:00:00Z,5.61283813639e-05,BTCUSDT,okx
2025-04-06T16:00:00Z,0.0001,BTCUSDT,okx
2025-04-07T00:00:00Z,2.87232810714e-05,BTCUSDT,okx
2025-04-07T00:00:00Z,0.0001,BTCUSDT,okx
2025-04-07T08:00:00Z,0.0001,BTCUSDT,okx
2025-04-07T08:00:00Z,6.01214231669e-05,BTCUSDT,okx
2025-04-07T16:00:00Z,8.3321877417e-06,BTCUSDT,okx
2025-04-07T16:00:00Z,0.0001,BTCUSDT,okx
2025-04-08T00:00:00Z,3.89366091005e-05,BTCUSDT,okx
2025-04-08T00:00:00Z,0.0001,BTCUSDT,okx
2025-04-08T08:00:00Z,0.0001,BTCUSDT,okx
2025-04-08T08:00:00Z,9.815430043e-07,BTCUSDT,okx
2025-04-08T16:00:00Z,-2.46393286083e-05,BTCUSDT,okx
2025-04-08T16:00:00Z,0.0001,BTCUSDT,okx
2025-04-09T00:00:00Z,-9.1043980072e-06,BTCUSDT,okx
2025-04-09T00:00:00Z,0.0001,BTCUSDT,okx
2025-04-09T08:00:00Z,0.0001,BTCUSDT,okx
2025-04-09T08:00:00Z,6.28707893146e-05,BTCUSDT,okx
2025-04-09T16:00:00Z,7.62308760142e-05,BTCUSDT,okx
2025-04-09T16:00:00Z,0.0001,BTCUSDT,okx
2025-04-10T00:00:00Z,5.2227435962e-06,BTCUSDT,okx
2025-04-10T00:00:00Z,0.0001,BTCUSDT,okx
2025-04-10T08:00:00Z,5.03836305485e-05,BTCUSDT,okx
2025-04-10T08:00:00Z,0.0001,BTCUSDT,okx
2025-04-10T16:00:00Z,0.0001,BTCUSDT,okx
2025-04-10T16:00:00Z,3.88035886751e-05,BTCUSDT,okx
2025-04-11T00:00:00Z,4.21079028317e-05,BTCUSDT,okx
2025-04-11T00:00:00Z,0.0001,BTCUSDT,okx
2025-04-11T08:00:00Z,0.0001,BTCUSDT,okx
2025-04-11T08:00:00Z,6.01413187496e-05,BTCUSDT,okx
2025-04-11T16:00:00Z,0.0001,BTCUSDT,okx
2025-04-11T16:00:00Z,1.00822643806e-05,BTCUSDT,okx
2025-04-12T00:00:00Z,0.0001,BTCUSDT,okx
2025-04-12T00:00:00Z,4.4534672297e-06,BTCUSDT,okx
2025-04-12T08:00:00Z,7.84967405193e-05,BTCUSDT,okx
2025-04-12T08:00:00Z,0.0001,BTCUSDT,okx
2025-04-12T16:00:00Z,0.0001,BTCUSDT,okx
2025-04-12T16:00:00Z,5.14587898371e-05,BTCUSDT,okx
2025-04-13T00:00:00Z,0.0001,BTCUSDT,okx
2025-04-13T00:00:00Z,1.81287188325e-05,BTCUSDT,okx
2025-04-13T08:00:00Z,0.0001,BTCUSDT,okx
2025-04-13T08:00:00Z,1.41970268367e-05,BTCUSDT,okx
2025-04-13T16:00:00Z,6.38433012899e-05,BTCUSDT,okx
2025-04-13T16:00:00Z,0.0001,BTCUSDT,okx
2025-04-14T00:00:00Z,0.0001,BTCUSDT,okx
2025-04-14T00:00:00Z,2.28457811831e-05,BTCUSDT,okx
2025-04-14T08:00:00Z,-1.83330645156e-05,BTCUSDT,okx
2025-04-14T08:00:00Z,0.0001,BTCUSDT,okx
2025-04-14T16:00:00Z,6.59104497343e-05,BTCUSDT,okx
2025-04-14T16:00:00Z,0.0001,BTCUSDT,okx
2025-04-15T00:00:00Z,6.97304590913e-05,BTCUSDT,okx
2025-04-15T00:00:00Z,0.0001,BTCUSDT,okx
2025-04-15T08:00:00Z,0.0001,BTCUSDT,okx
2025-04-15T08:00:00Z,4.76921132961e-05,BTCUSDT,okx
2025-04-15T16:00:00Z,0.0001,BTCUSDT,okx
2025-04-15T16:00:00Z,-1.21863153304e-05,BTCUSDT,okx
2025-04-16T00:00:00Z,0.0001,BTCUSDT,okx
2025-04-16T00:00:00Z,4.3319622174e-05,BTCUSDT,okx
2025-04-16T08:00:00Z,0.0001,BTCUSDT,okx
2025-04-16T08:00:00Z,4.22038922902e-05,BTCUSDT,okx
2025-04-16T16:00:00Z,-2.02617273406e-05,BTCUSDT,okx
2025-04-16T16:00:00Z,0.0001,BTCUSDT,okx
2025-04-17T00:00:00Z,0.0001,BTCUSDT,okx
2025-04-17T00:00:00Z,9.0403970519e-06,BTCUSDT,okx
2025-04-17T08:00:00Z,-3.48832211399e-05,BTCUSDT,okx
2025-04-17T08:00:00Z,0.0001,BTCUSDT,okx
2025-04-17T16:00:00Z,0.0001,BTCUSDT,okx
2025-04-17T16:00:00Z,9.9346729e-08,BTCUSDT,okx
2025-04-18T00:00:00Z,-1.26947649881e-05,BTCUSDT,okx
2025-04-18T00:00:00Z,0.0001,BTCUSDT,okx
2025-04-18T08:00:00Z,1.76049706966e-05,BTCUSDT,okx
2025-04-18T08:00:00Z,0.0001,BTCUSDT,okx
2025-04-18T16:00:00Z,2.82852930157e-05,BTCUSDT,okx
2025-04-18T16:00:00Z,0.0001,BTCUSDT,okx
2025-04-19T00:00:00Z,0.0001,BTCUSDT,okx
2025-04-19T00:00:00Z,5.26320471785e-05,BTCUSDT,okx
2025-04-19T08:00:00Z,0.0001,BTCUSDT,okx
2025-04-19T08:00:00Z,5.24696770869e-05,BTCUSDT,okx
2025-04-19T16:00:00Z,6.8083774927e-05,BTCUSDT,okx
2025-04-19T16:00:00Z,0.0001,BTCUSDT,okx
2025-04-20T00:00:00Z,3.51160327905e-05,BTCUSDT,okx
2025-04-20T00:00:00Z,0.0001,BTCUSDT,okx
2025-04-20T08:00:00Z,0.0001,BTCUSDT,okx
2025-04-20T08:00:00Z,3.20523046478e-05,BTCUSDT,okx
2025-04-20T16:00:00Z,0.0001,BTCUSDT,okx
2025-04-20T16:00:00Z,6.32394809442e-05,BTCUSDT,okx
2025-04-21T00:00:00Z,0.0001,BTCUSDT,okx
2025-04-21T00:00:00Z,1.70646694141e-05,BTCUSDT,okx
2025-04-21T08:00:00Z,0.0001,BTCUSDT,okx
2025-04-21T08:00:00Z,-2.1932403575e-06,BTCUSDT,okx
2025-04-21T16:00:00Z,6.26416141502e-05,BTCUSDT,okx
2025-04-21T16:00:00Z,0.0001,BTCUSDT,okx
2025-04-22T00:00:00Z,0.0001,BTCUSDT,okx
2025-04-22T00:00:00Z,7.57045628368e-05,BTCUSDT,okx
2025-04-22T08:00:00Z,1.88262697029e-05,BTCUSDT,okx
2025-04-22T08:00:00Z,0.0001,BTCUSDT,okx
2025-04-22T16:00:00Z,1.98260852206e-05,BTCUSDT,okx
2025-04-22T16:00:00Z,0.0001,BTCUSDT,okx
2025-04-23T00:00:00Z,3.4613474673e-05,BTCUSDT,okx
2025-04-23T00:00:00Z,0.0001,BTCUSDT,okx
2025-04-23T08:00:00Z,-2.4870717398e-05,BTCUSDT,okx
2025-04-23T08:00:00Z,0.0001,BTCUSDT,okx
2025-04-23T16:00:00Z,0.0001,BTCUSDT,okx
2025-04-23T16:00:00Z,2.6562897333e-05,BTCUSDT,okx
2025-04-24T00:00:00Z,0.0001,BTCUSDT,okx
2025-04-24T00:00:00Z,0.0001402152053459,BTCUSDT,okx
2025-04-24T08:00:00Z,0.0001,BTCUSDT,okx
2025-04-24T08:00:00Z,4.4553559257e-05,BTCUSDT,okx
2025-04-24T16:00:00Z,-3.34462659199e-05,BTCUSDT,okx
2025-04-24T16:00:00Z,0.0001,BTCUSDT,okx
2025-04-25T00:00:00Z,0.0001,BTCUSDT,okx
2025-04-25T00:00:00Z,-6.71246884203e-05,BTCUSDT,okx
2025-04-25T08:00:00Z,0.0001,BTCUSDT,okx
2025-04-25T08:00:00Z,-0.0001950453499779,BTCUSDT,okx
2025-04-25T16:00:00Z,0.0001,BTCUSDT,okx
2025-04-25T16:00:00Z,-0.0002643888769657,BTCUSDT,okx
2025-04-26T00:00:00Z,-0.0003729191125186,BTCUSDT,okx
2025-04-26T00:00:00Z,0.0001,BTCUSDT,okx
2025-04-26T08:00:00Z,1.484270488e-05,BTCUSDT,okx
2025-04-26T08:00:00Z,-0.0004383488025918,BTCUSDT,okx
2025-04-26T16:00:00Z,-0.000484478985806,BTCUSDT,okx
2025-04-26T16:00:00Z,4.2010845068e-06,BTCUSDT,okx
2025-04-27T00:00:00Z,-0.0003944671188175,BTCUSDT,okx
2025-04-27T00:00:00Z,0.0001,BTCUSDT,okx
2025-04-27T08:00:00Z,9.42827103092e-05,BTCUSDT,okx
2025-04-27T08:00:00Z,-0.0004086731829027,BTCUSDT,okx
2025-04-27T16:00:00Z,-0.0004680151394889,BTCUSDT,okx
2025-04-27T16:00:00Z,-2.6467555745e-06,BTCUSDT,okx
2025-04-28T00:00:00Z,-0.0004149314112434,BTCUSDT,okx
2025-04-28T00:00:00Z,0.0001,BTCUSDT,okx
2025-04-28T08:00:00Z,-0.0004327650564132,BTCUSDT,okx
2025-04-28T08:00:00Z,4.51695901419e-05,BTCUSDT,okx
2025-04-28T16:00:00Z,-0.0004600066924573,BTCUSDT,okx
2025-04-28T16:00:00Z,3.00748893642e-05,BTCUSDT,okx
2025-04-29T00:00:00Z,-0.0004952471576855,BTCUSDT,okx
2025-04-29T00:00:00Z,7.8037225778e-06,BTCUSDT,okx
2025-04-29T08:00:00Z,4.41151796041e-05,BTCUSDT,okx
2025-04-29T08:00:00Z,-0.000470077919115,BTCUSDT,okx
2025-04-29T16:00:00Z,-2.1160921594e-06,BTCUSDT,okx
2025-04-29T16:00:00Z,-0.0004818395367738,BTCUSDT,okx
2025-04-30T00:00:00Z,-0.0004761398928133,BTCUSDT,okx
2025-04-30T00:00:00Z,3.44415760828e-05,BTCUSDT,okx
2025-04-30T08:00:00Z,-0.0004922718906154,BTCUSDT,okx
2025-04-30T08:00:00Z,1.66447658042e-05,BTCUSDT,okx
2025-04-30T16:00:00Z,-0.0005309126177091,BTCUSDT,okx
2025-04-30T16:00:00Z,-5.81383930018e-05,BTCUSDT,okx
2025-05-01T00:00:00Z,-1.0675434367e-06,BTCUSDT,okx
2025-05-01T00:00:00Z,-0.0005119682334652,BTCUSDT,okx
2025-05-01T08:00:00Z,-0.0004437897957857,BTCUSDT,okx
2025-05-01T08:00:00Z,6.35281371372e-05,BTCUSDT,okx
2025-05-01T16:00:00Z,-0.0004544685777584,BTCUSDT,okx
2025-05-01T16:00:00Z,7.3266498124e-06,BTCUSDT,okx
2025-05-02T00:00:00Z,-0.0005186870300554,BTCUSDT,okx
2025-05-02T00:00:00Z,1.03449192321e-05,BTCUSDT,okx
2025-05-02T08:00:00Z,-0.0005392220175364,BTCUSDT,okx
2025-05-02T08:00:00Z,-4.31551675838e-05,BTCUSDT,okx
2025-05-02T16:00:00Z,4.92151225896e-05,BTCUSDT,okx
2025-05-02T16:00:00Z,-0.0004795460461543,BTCUSDT,okx
2025-05-03T00:00:00Z,-0.0004602967881559,BTCUSDT,okx
2025-05-03T00:00:00Z,4.01491913141e-05,BTCUSDT,okx
2025-05-03T08:00:00Z,-0.0005028350404143,BTCUSDT,okx
2025-05-03T08:00:00Z,-3.87378949042e-05,BTCUSDT,okx
2025-05-03T16:00:00Z,-1.9692864338e-06,BTCUSDT,okx
2025-05-03T16:00:00Z,-0.0005267866382364,BTCUSDT,okx
2025-05-04T00:00:00Z,-0.0005138905593813,BTCUSDT,okx
2025-05-04T00:00:00Z,-1.24306779003e-05,BTCUSDT,okx
2025-05-04T08:00:00Z,-0.0004756269234179,BTCUSDT,okx
2025-05-04T08:00:00Z,1.32656846149e-05,BTCUSDT,okx
2025-05-04T16:00:00Z,6.89010294535e-05,BTCUSDT,okx
2025-05-04T16:00:00Z,-0.0004323303436471,BTCUSDT,okx
2025-05-05T00:00:00Z,4.94433634991e-05,BTCUSDT,okx
2025-05-05T00:00:00Z,-0.0004785901497833,BTCUSDT,okx
2025-05-05T08:00:00Z,-0.0004706308424047,BTCUSDT,okx
2025-05-05T08:00:00Z,1.00221740736e-05,BTCUSDT,okx
2025-05-05T16:00:00Z,4.118017778e-07,BTCUSDT,okx
2025-05-05T16:00:00Z,-0.0004942083015907,BTCUSDT,okx
2025-05-06T00:00:00Z,-0.0004709870053216,BTCUSDT,okx
2025-05-06T00:00:00Z,2.52631563033e-05,BTCUSDT,okx
2025-05-06T08:00:00Z,6.02008468588e-05,BTCUSDT,okx
2025-05-06T08:00:00Z,-0.000441187938237,BTCUSDT,okx
2025-05-06T16:00:00Z,-0.0004892189125688,BTCUSDT,okx
2025-05-06T16:00:00Z,-8.7391296299e-06,BTCUSDT,okx
2025-05-07T00:00:00Z,-0.0005019361673129,BTCUSDT,okx
2025-05-07T00:00:00Z,-8.798828501e-06,BTCUSDT,okx
2025-05-07T08:00:00Z,-0.0004932371001984,BTCUSDT,okx
2025-05-07T08:00:00Z,-1.11772504121e-05,BTCUSDT,okx
2025-05-07T16:00:00Z,-0.0005249222653079,BTCUSDT,okx
2025-05-07T16:00:00Z,-5.4989749495e-06,BTCUSDT,okx
2025-05-08T00:00:00Z,7.83421146025e-05,BTCUSDT,okx
2025-05-08T00:00:00Z,-0.0004229936063083,BTCUSDT,okx
2025-05-08T08:00:00Z,-2.41070403962e-05,BTCUSDT,okx
2025-05-08T08:00:00Z,-0.0005331031981209,BTCUSDT,okx
2025-05-08T16:00:00Z,-1.07492891973e-05,BTCUSDT,okx
2025-05-08T16:00:00Z,-0.0004985236191564,BTCUSDT,okx
2025-05-09T00:00:00Z,-0.0004129537016092,BTCUSDT,okx
2025-05-09T00:00:00Z,0.0001,BTCUSDT,okx
2025-05-09T08:00:00Z,5.12736406829e-05,BTCUSDT,okx
2025-05-09T08:00:00Z,-0.0004512635383035,BTCUSDT,okx
2025-05-09T16:00:00Z,0.0001,BTCUSDT,okx
2025-05-09T16:00:00Z,-0.0003744762692857,BTCUSDT,okx
2025-05-10T00:00:00Z,0.0001,BTCUSDT,okx
2025-05-10T00:00:00Z,-0.0003397635502755,BTCUSDT,okx
2025-05-10T08:00:00Z,-0.0004365850160637,BTCUSDT,okx
2025-05-10T08:00:00Z,1.551559942e-06,BTCUSDT,okx
2025-05-10T16:00:00Z,-0.0004663254862107,BTCUSDT,okx
2025-05-10T16:00:00Z,5.94973186121e-05,BTCUSDT,okx
2025-05-11T00:00:00Z,-0.0004237825458422,BTCUSDT,okx
2025-05-11T00:00:00Z,0.0001,BTCUSDT,okx
2025-05-11T08:00:00Z,-0.0003114993664395,BTCUSDT,okx
2025-05-11T08:00:00Z,0.0001,BTCUSDT,okx
2025-05-11T16:00:00Z,-0.0003287274192846,BTCUSDT,okx
2025-05-11T16:00:00Z,0.0001,BTCUSDT,okx
2025-05-12T00:00:00Z,-0.0004325391586418,BTCUSDT,okx
2025-05-12T00:00:00Z,3.64582405144e-05,BTCUSDT,okx
2025-05-12T08:00:00Z,-0.0004232954890883,BTCUSDT,okx
2025-05-12T08:00:00Z,9.46569300167e-05,BTCUSDT,okx
2025-05-12T16:00:00Z,3.47254856096e-05,BTCUSDT,okx
2025-05-12T16:00:00Z,-0.0004546226038432,BTCUSDT,okx
2025-05-13T00:00:00Z,0.0001,BTCUSDT,okx
2025-05-13T00:00:00Z,-0.0003931092282553,BTCUSDT,okx
2025-05-13T08:00:00Z,8.05897810122e-05,BTCUSDT,okx
2025-05-13T08:00:00Z,-0.0004328963842056,BTCUSDT,okx
2025-05-13T16:00:00Z,7.82793995546e-05,BTCUSDT,okx
2025-05-13T16:00:00Z,-0.0004006759822622,BTCUSDT,okx
2025-05-14T00:00:00Z,6.94315785875e-05,BTCUSDT,okx
2025-05-14T00:00:00Z,-0.0004036835883916,BTCUSDT,okx
2025-05-14T08:00:00Z,0.0001,BTCUSDT,okx
2025-05-14T08:00:00Z,-0.0004025123595677,BTCUSDT,okx
2025-05-14T16:00:00Z,0.0001,BTCUSDT,okx
2025-05-14T16:00:00Z,-0.0003880418557957,BTCUSDT,okx
2025-05-15T00:00:00Z,5.84822089006e-05,BTCUSDT,okx
2025-05-15T00:00:00Z,-0.0004241783154724,BTCUSDT,okx
2025-05-15T08:00:00Z,-0.0004736903230247,BTCUSDT,okx
2025-05-15T08:00:00Z,5.67381610274e-05,BTCUSDT,okx
2025-05-15T16:00:00Z,-0.0004703692492284,BTCUSDT,okx
2025-05-15T16:00:00Z,1.13503496376e-05,BTCUSDT,okx
2025-05-16T00:00:00Z,8.15434556184e-05,BTCUSDT,okx
2025-05-16T00:00:00Z,-0.0004285714258841,BTCUSDT,okx
2025-05-16T08:00:00Z,4.74578440938e-05,BTCUSDT,okx
2025-05-16T08:00:00Z,-0.0004473793201299,BTCUSDT,okx
2025-05-16T16:00:00Z,-0.0004182026224852,BTCUSDT,okx
2025-05-16T16:00:00Z,8.78475085069e-05,BTCUSDT,okx
2025-05-17T00:00:00Z,-0.0003237124279499,BTCUSDT,okx
2025-05-17T00:00:00Z,0.0001,BTCUSDT,okx
2025-05-17T08:00:00Z,-0.0004437102099539,BTCUSDT,okx
2025-05-17T08:00:00Z,2.22047963544e-05,BTCUSDT,okx
2025-05-17T16:00:00Z,-0.0005229985624472,BTCUSDT,okx
2025-05-17T16:00:00Z,-1.66180949955e-05,BTCUSDT,okx
2025-05-18T00:00:00Z,-0.0004535456599666,BTCUSDT,okx
2025-05-18T00:00:00Z,5.85168703907e-05,BTCUSDT,okx
2025-05-18T08:00:00Z,6.11956750097e-05,BTCUSDT,okx
2025-05-18T08:00:00Z,-0.0004429825060652,BTCUSDT,okx
2025-05-18T16:00:00Z,-0.0004154278009462,BTCUSDT,okx
2025-05-18T16:00:00Z,0.0001,BTCUSDT,okx
2025-05-19T00:00:00Z,-0.0003850220828385,BTCUSDT,okx
2025-05-19T00:00:00Z,0.0001,BTCUSDT,okx
2025-05-19T08:00:00Z,0.0001,BTCUSDT,okx
2025-05-19T08:00:00Z,-0.0003077635925451,BTCUSDT,okx
2025-05-19T16:00:00Z,-0.0003787612693757,BTCUSDT,okx
2025-05-19T16:00:00Z,0.0001,BTCUSDT,okx
2025-05-20T00:00:00Z,5.79210927938e-05,BTCUSDT,okx
2025-05-20T00:00:00Z,-0.0003855114201661,BTCUSDT,okx
2025-05-20T08:00:00Z,-0.0005001180454168,BTCUSDT,okx
2025-05-20T08:00:00Z,-5.697276127e-06,BTCUSDT,okx
2025-05-20T16:00:00Z,-0.0003803711384572,BTCUSDT,okx
2025-05-20T16:00:00Z,0.0001,BTCUSDT,okx
2025-05-21T00:00:00Z,-0.0003131022603147,BTCUSDT,okx
2025-05-21T00:00:00Z,0.0001,BTCUSDT,okx
2025-05-21T08:00:00Z,7.17757356689e-05,BTCUSDT,okx
2025-05-21T08:00:00Z,-0.0004015295320088,BTCUSDT,okx
2025-05-21T16:00:00Z,-0.0004465272985728,BTCUSDT,okx
2025-05-21T16:00:00Z,7.27469521621e-05,BTCUSDT,okx
2025-05-22T00:00:00Z,0.0001,BTCUSDT,okx
2025-05-22T00:00:00Z,-0.0004256782738932,BTCUSDT,okx
2025-05-22T08:00:00Z,-0.0004283573003323,BTCUSDT,okx
2025-05-22T08:00:00Z,4.40145074454e-05,BTCUSDT,okx
2025-05-22T16:00:00Z,-0.0004181980412037,BTCUSDT,okx
2025-05-22T16:00:00Z,0.0001,BTCUSDT,okx
2025-05-24T00:00:00Z,-0.0003692708573446,BTCUSDT,okx
2025-05-24T00:00:00Z,0.0001,BTCUSDT,okx
2025-05-24T08:00:00Z,-0.0004143262588368,BTCUSDT,okx
2025-05-24T08:00:00Z,6.42394947335e-05,BTCUSDT,okx
2025-05-24T16:00:00Z,-0.0004358535882571,BTCUSDT,okx
2025-05-24T16:00:00Z,7.00011841109e-05,BTCUSDT,okx
2025-05-26T00:00:00Z,6.37314158438e-05,BTCUSDT,okx
2025-05-26T00:00:00Z,-0.0004323054026088,BTCUSDT,okx
2025-05-26T08:00:00Z,-0.0003982463103812,BTCUSDT,okx
2025-05-26T08:00:00Z,7.26553045227e-05,BTCUSDT,okx
2025-05-26T16:00:00Z,-0.0003293155994128,BTCUSDT,okx
2025-05-26T16:00:00Z,0.0001,BTCUSDT,okx
2025-05-27T00:00:00Z,0.0001,BTCUSDT,okx
2025-05-27T00:00:00Z,-0.0003940156943623,BTCUSDT,okx
2025-05-27T08:00:00Z,0.0001,BTCUSDT,okx
2025-05-27T08:00:00Z,-0.0003695134304478,BTCUSDT,okx
2025-05-27T16:00:00Z,0.0001,BTCUSDT,okx
2025-05-27T16:00:00Z,-0.0003788888664855,BTCUSDT,okx
2025-05-28T00:00:00Z,5.19765409546e-05,BTCUSDT,okx
2025-05-28T00:00:00Z,-0.0004122391481169,BTCUSDT,okx
2025-05-28T08:00:00Z,3.85691261084e-05,BTCUSDT,okx
2025-05-28T08:00:00Z,-0.0004903652568169,BTCUSDT,okx
2025-05-28T16:00:00Z,0.0001,BTCUSDT,okx
2025-05-28T16:00:00Z,-0.0003257196307362,BTCUSDT,okx
2025-05-29T00:00:00Z,-0.0003478861059219,BTCUSDT,okx
2025-05-29T00:00:00Z,0.0001,BTCUSDT,okx
2025-05-29T08:00:00Z,-0.0004007693962117,BTCUSDT,okx
2025-05-29T08:00:00Z,0.0001,BTCUSDT,okx
2025-05-29T16:00:00Z,-0.0004668406364787,BTCUSDT,okx
2025-05-29T16:00:00Z,3.56248518695e-05,BTCUSDT,okx
2025-05-30T00:00:00Z,-0.0004980134355689,BTCUSDT,okx
2025-05-30T00:00:00Z,1.38119190622e-05,BTCUSDT,okx
2025-05-30T08:00:00Z,-0.0003476936389356,BTCUSDT,okx
2025-05-30T08:00:00Z,0.0001,BTCUSDT,okx
2025-05-30T16:00:00Z,-0.0003627420342346,BTCUSDT,okx
2025-05-30T16:00:00Z,0.0001,BTCUSDT,okx
2025-05-31T00:00:00Z,-0.0004577632595326,BTCUSDT,okx
2025-05-31T00:00:00Z,3.64123773702e-05,BTCUSDT,okx
2025-05-31T08:00:00Z,6.0955868383e-05,BTCUSDT,okx
2025-05-31T08:00:00Z,-0.0004303811627829,BTCUSDT,okx
2025-05-31T16:00:00Z,8.50229182892e-05,BTCUSDT,okx
2025-05-31T16:00:00Z,-0.0003800586325597,BTCUSDT,okx
2025-06-01T00:00:00Z,-0.0003758914442818,BTCUSDT,okx
2025-06-01T00:00:00Z,0.0001,BTCUSDT,okx
2025-06-01T08:00:00Z,5.99390436866e-05,BTCUSDT,okx
2025-06-01T08:00:00Z,-0.0004258608211047,BTCUSDT,okx
2025-06-01T16:00:00Z,-0.0004514570702239,BTCUSDT,okx
2025-06-01T16:00:00Z,3.82960606325e-05,BTCUSDT,okx
2025-06-02T00:00:00Z,3.1860804364e-05,BTCUSDT,okx
2025-06-02T00:00:00Z,-0.0004644539629117,BTCUSDT,okx
2025-06-02T08:00:00Z,-0.000463394593138,BTCUSDT,okx
2025-06-02T08:00:00Z,5.0977916593e-06,BTCUSDT,okx
2025-06-02T16:00:00Z,-0.0005154185009992,BTCUSDT,okx
2025-06-02T16:00:00Z,-1.15423920422e-05,BTCUSDT,okx
2025-06-04T00:00:00Z,-0.000359398136577,BTCUSDT,okx
2025-06-04T00:00:00Z,0.0001,BTCUSDT,okx
2025-06-04T08:00:00Z,2.4135765003e-05,BTCUSDT,okx
2025-06-04T08:00:00Z,-0.0004235757332952,BTCUSDT,okx
2025-06-04T16:00:00Z,-0.0004715021082418,BTCUSDT,okx
2025-06-04T16:00:00Z,9.403918154e-07,BTCUSDT,okx
2025-06-05T00:00:00Z,0.0001,BTCUSDT,okx
2025-06-05T00:00:00Z,-0.0003974019274869,BTCUSDT,okx
2025-06-05T08:00:00Z,-0.0004380656309766,BTCUSDT,okx
2025-06-05T08:00:00Z,4.54749452503e-05,BTCUSDT,okx
2025-06-05T16:00:00Z,-0.0004599320312114,BTCUSDT,okx
2025-06-05T16:00:00Z,4.34521848091e-05,BTCUSDT,okx
2025-06-06T00:00:00Z,9.45820097265e-05,BTCUSDT,okx
2025-06-06T00:00:00Z,-0.0004120280868434,BTCUSDT,okx
2025-06-06T08:00:00Z,4.31813091235e-05,BTCUSDT,okx
2025-06-06T08:00:00Z,-0.0004322944503693,BTCUSDT,okx
2025-06-06T16:00:00Z,-0.0004763029697876,BTCUSDT,okx
2025-06-06T16:00:00Z,1.53775630011e-05,BTCUSDT,okx
2025-06-07T00:00:00Z,-0.0005663366841341,BTCUSDT,okx
2025-06-07T00:00:00Z,-7.91675747514e-05,BTCUSDT,okx
2025-06-07T08:00:00Z,-1.83418901676e-05,BTCUSDT,okx
2025-06-07T08:00:00Z,-0.0005367501614443,BTCUSDT,okx
2025-06-07T16:00:00Z,-0.0004779056847511,BTCUSDT,okx
2025-06-07T16:00:00Z,1.68563453792e-05,BTCUSDT,okx
2025-06-08T00:00:00Z,-2.67884324748e-05,BTCUSDT,okx
2025-06-08T00:00:00Z,-0.0005337925839846,BTCUSDT,okx
2025-06-08T08:00:00Z,-5.51499894696e-05,BTCUSDT,okx
2025-06-08T08:00:00Z,-0.0005402700556415,BTCUSDT,okx
2025-06-08T16:00:00Z,-5.7951990288e-06,BTCUSDT,okx
2025-06-08T16:00:00Z,-0.0004941358550084,BTCUSDT,okx
2025-06-09T00:00:00Z,2.53804534828e-05,BTCUSDT,okx
2025-06-09T00:00:00Z,-0.0004922421875552,BTCUSDT,okx
2025-06-09T08:00:00Z,6.4038816556e-06,BTCUSDT,okx
2025-06-09T08:00:00Z,-0.0004763590798873,BTCUSDT,okx
2025-06-09T16:00:00Z,-0.0004591151650183,BTCUSDT,okx
2025-06-09T16:00:00Z,3.59961931219e-05,BTCUSDT,okx
2025-06-10T00:00:00Z,-1.3836820365e-05,BTCUSDT,okx
2025-06-10T08:00:00Z,5.22551268937e-05,BTCUSDT,okx
2025-06-10T16:00:00Z,6.74869404338e-05,BTCUSDT,okx
2025-06-11T00:00:00Z,7.64005616316e-05,BTCUSDT,okx
2025-06-11T08:00:00Z,3.16481363033e-05,BTCUSDT,okx
2025-06-11T16:00:00Z,0.0001,BTCUSDT,okx
2025-06-13T00:00:00Z,1.65688558309e-05,BTCUSDT,okx
2025-06-13T08:00:00Z,2.692735242e-05,BTCUSDT,okx
2025-06-13T16:00:00Z,9.9143396706e-06,BTCUSDT,okx
2025-06-14T00:00:00Z,4.6765059513e-06,BTCUSDT,okx
2025-06-14T08:00:00Z,7.17999214758e-05,BTCUSDT,okx
2025-06-14T16:00:00Z,6.51127052586e-05,BTCUSDT,okx
2025-06-15T00:00:00Z,-1.74272732067e-05,BTCUSDT,okx
2025-06-15T08:00:00Z,4.8124839828e-06,BTCUSDT,okx
2025-06-15T16:00:00Z,2.54195837191e-05,BTCUSDT,okx
2025-06-16T00:00:00Z,4.03786442118e-05,BTCUSDT,okx
2025-06-16T08:00:00Z,3.77018110776e-05,BTCUSDT,okx
2025-06-16T16:00:00Z,1.77312255899e-05,BTCUSDT,okx
2025-06-17T00:00:00Z,2.61349083371e-05,BTCUSDT,okx
2025-06-17T08:00:00Z,2.32591443088e-05,BTCUSDT,okx
2025-06-17T16:00:00Z,8.30763241225e-05,BTCUSDT,okx
2025-06-18T00:00:00Z,9.87205691616e-05,BTCUSDT,okx
2025-06-18T08:00:00Z,2.39824943308e-05,BTCUSDT,okx
2025-06-18T16:00:00Z,-4.3945227225e-06,BTCUSDT,okx
2025-06-19T00:00:00Z,5.48747330442e-05,BTCUSDT,okx
2025-06-19T08:00:00Z,1.7486466902e-06,BTCUSDT,okx
2025-06-19T16:00:00Z,2.97154361771e-05,BTCUSDT,okx
2025-06-20T00:00:00Z,9.3121947436e-05,BTCUSDT,okx
2025-06-20T08:00:00Z,1.50970489302e-05,BTCUSDT,okx
2025-06-20T16:00:00Z,3.76218645785e-05,BTCUSDT,okx
2025-06-21T00:00:00Z,5.95124187289e-05,BTCUSDT,okx
2025-06-21T08:00:00Z,-4.2360963853e-06,BTCUSDT,okx
2025-06-21T16:00:00Z,-2.47403345674e-05,BTCUSDT,okx
2025-06-22T00:00:00Z,8.27708234959e-05,BTCUSDT,okx
2025-06-22T08:00:00Z,3.97040911469e-05,BTCUSDT,okx
2025-06-22T16:00:00Z,3.95182696428e-05,BTCUSDT,okx
2025-06-24T00:00:00Z,4.15529546045e-05,BTCUSDT,okx
2025-06-24T08:00:00Z,-1.90952717654e-05,BTCUSDT,okx
2025-06-24T16:00:00Z,3.27189026426e-05,BTCUSDT,okx
2025-06-25T00:00:00Z,3.73818994284e-05,BTCUSDT,okx
2025-06-25T08:00:00Z,-2.95314939576e-05,BTCUSDT,okx
2025-06-25T16:00:00Z,7.21857553953e-05,BTCUSDT,okx
2025-06-26T00:00:00Z,-7.8500422581e-06,BTCUSDT,okx
2025-06-26T08:00:00Z,-5.21208110361e-05,BTCUSDT,okx
2025-06-26T16:00:00Z,2.83148318001e-05,BTCUSDT,okx
2025-06-27T00:00:00Z,2.39584331826e-05,BTCUSDT,okx
2025-06-27T08:00:00Z,1.25607840098e-05,BTCUSDT,okx
2025-06-27T16:00:00Z,-4.66411358e-08,BTCUSDT,okx
2025-06-28T00:00:00Z,1.33052533877e-05,BTCUSDT,okx
2025-06-28T08:00:00Z,-7.5775508877e-06,BTCUSDT,okx
2025-06-28T16:00:00Z,-2.94844102158e-05,BTCUSDT,okx
2025-06-29T00:00:00Z,-2.8699406371e-05,BTCUSDT,okx
2025-06-29T08:00:00Z,-5.3101380944e-05,BTCUSDT,okx
2025-06-29T16:00:00Z,1.76694256142e-05,BTCUSDT,okx
2025-06-30T00:00:00Z,2.39878353558e-05,BTCUSDT,okx
2025-06-30T08:00:00Z,-5.77857531372e-05,BTCUSDT,okx
2025-06-30T16:00:00Z,-5.9134499671e-06,BTCUSDT,okx
2025-07-01T00:00:00Z,2.20515529903e-05,BTCUSDT,okx
2025-07-01T08:00:00Z,-6.96522861993e-05,BTCUSDT,okx
2025-07-01T16:00:00Z,6.5114139632e-05,BTCUSDT,okx
2025-07-02T00:00:00Z,5.6833712858e-06,BTCUSDT,okx
2025-07-02T08:00:00Z,4.14374923927e-05,BTCUSDT,okx
2025-07-02T16:00:00Z,-3.38413961568e-05,BTCUSDT,okx
2025-07-03T00:00:00Z,1.53939988284e-05,BTCUSDT,okx
2025-07-03T08:00:00Z,6.19084888648e-05,BTCUSDT,okx
2025-07-03T16:00:00Z,5.25136790603e-05,BTCUSDT,okx
2025-07-04T00:00:00Z,4.47248844533e-05,BTCUSDT,okx
2025-07-04T08:00:00Z,1.61459984621e-05,BTCUSDT,okx
2025-07-04T16:00:00Z,1.3926344289e-05,BTCUSDT,okx
2025-07-05T00:00:00Z,6.1222782396e-05,BTCUSDT,okx
2025-07-05T08:00:00Z,3.32687189961e-05,BTCUSDT,okx
2025-07-05T16:00:00Z,-1.57499070073e-05,BTCUSDT,okx
2025-07-06T00:00:00Z,-1.16945702931e-05,BTCUSDT,okx
2025-07-06T08:00:00Z,-4.25242907637e-05,BTCUSDT,okx
2025-07-06T16:00:00Z,3.28077241712e-05,BTCUSDT,okx
2025-07-07T00:00:00Z,4.75987842235e-05,BTCUSDT,okx
2025-07-07T08:00:00Z,5.68831433479e-05,BTCUSDT,okx
2025-07-07T16:00:00Z,4.66853787847e-05,BTCUSDT,okx
2025-07-08T00:00:00Z,2.12333730207e-05,BTCUSDT,okx
2025-07-08T08:00:00Z,3.29963566429e-05,BTCUSDT,okx
2025-07-08T16:00:00Z,7.30329825476e-05,BTCUSDT,okx
2025-07-09T00:00:00Z,9.1288501819e-06,BTCUSDT,okx
2025-07-09T08:00:00Z,-9.619646961e-06,BTCUSDT,okx
2025-07-09T16:00:00Z,6.18037532493e-05,BTCUSDT,okx
2025-07-10T00:00:00Z,3.61079715861e-05,BTCUSDT,okx
2025-07-10T08:00:00Z,4.71558832237e-05,BTCUSDT,okx
2025-07-10T16:00:00Z,1.89503321706e-05,BTCUSDT,okx
2025-07-11T00:00:00Z,2.12570433261e-05,BTCUSDT,okx
2025-07-11T08:00:00Z,0.0001,BTCUSDT,okx
2025-07-11T16:00:00Z,0.0001,BTCUSDT,okx
2025-07-12T00:00:00Z,0.0001,BTCUSDT,okx
2025-07-12T08:00:00Z,0.0001,BTCUSDT,okx
2025-07-12T16:00:00Z,0.0001,BTCUSDT,okx
2025-07-13T00:00:00Z,0.0001,BTCUSDT,okx
2025-07-13T08:00:00Z,0.0001,BTCUSDT,okx
2025-07-13T16:00:00Z,8.84800306931e-05,BTCUSDT,okx
2025-07-14T00:00:00Z,0.0001,BTCUSDT,okx
2025-07-14T08:00:00Z,0.0001,BTCUSDT,okx
2025-07-14T16:00:00Z,0.0001,BTCUSDT,okx
2025-07-15T00:00:00Z,0.0001,BTCUSDT,okx
2025-07-15T08:00:00Z,0.0001,BTCUSDT,okx
2025-07-15T16:00:00Z,0.0001,BTCUSDT,okx
2025-07-16T00:00:00Z,0.0001,BTCUSDT,okx
2025-07-16T08:00:00Z,0.0001,BTCUSDT,okx
2025-07-16T16:00:00Z,0.0001,BTCUSDT,okx
2025-07-17T00:00:00Z,0.0001,BTCUSDT,okx
2025-07-17T08:00:00Z,0.0001,BTCUSDT,okx
2025-07-17T16:00:00Z,0.0001,BTCUSDT,okx
2025-07-18T00:00:00Z,0.0001,BTCUSDT,okx
2025-07-18T08:00:00Z,0.0001,BTCUSDT,okx
2025-07-18T16:00:00Z,0.0001,BTCUSDT,okx
2025-07-19T00:00:00Z,0.0001,BTCUSDT,okx
2025-07-19T08:00:00Z,0.0001,BTCUSDT,okx
2025-07-19T16:00:00Z,0.0001,BTCUSDT,okx
2025-07-20T00:00:00Z,0.0001,BTCUSDT,okx
2025-07-20T08:00:00Z,0.0001,BTCUSDT,okx
2025-07-20T16:00:00Z,0.0001,BTCUSDT,okx
2025-07-21T00:00:00Z,0.0001,BTCUSDT,okx
2025-07-21T08:00:00Z,0.0001,BTCUSDT,okx
2025-07-21T16:00:00Z,0.0001,BTCUSDT,okx
2025-07-22T00:00:00Z,0.0001200283969329,BTCUSDT,okx
2025-07-22T08:00:00Z,0.0001,BTCUSDT,okx
2025-07-22T16:00:00Z,0.0001,BTCUSDT,okx
2025-07-23T00:00:00Z,0.0001835000980689,BTCUSDT,okx
2025-07-23T08:00:00Z,0.0001604294885981,BTCUSDT,okx
2025-07-23T16:00:00Z,0.0001,BTCUSDT,okx
2025-07-24T00:00:00Z,0.0001,BTCUSDT,okx
2025-07-24T08:00:00Z,0.0001,BTCUSDT,okx
2025-07-24T16:00:00Z,0.0001,BTCUSDT,okx
2025-07-25T00:00:00Z,0.0001,BTCUSDT,okx
2025-07-25T08:00:00Z,0.0001,BTCUSDT,okx
2025-07-25T16:00:00Z,0.0001,BTCUSDT,okx
2025-07-26T00:00:00Z,0.0001,BTCUSDT,okx
2025-07-26T08:00:00Z,0.0001,BTCUSDT,okx
2025-07-26T16:00:00Z,0.0001,BTCUSDT,okx
2025-07-27T00:00:00Z,0.0001,BTCUSDT,okx
2025-07-27T08:00:00Z,0.0001,BTCUSDT,okx
2025-07-27T16:00:00Z,0.0001,BTCUSDT,okx
2025-07-28T00:00:00Z,0.0001,BTCUSDT,okx
2025-07-28T08:00:00Z,0.0001,BTCUSDT,okx
2025-07-28T16:00:00Z,0.0001,BTCUSDT,okx
2025-07-29T00:00:00Z,0.0001,BTCUSDT,okx
2025-07-29T08:00:00Z,0.0001,BTCUSDT,okx
2025-07-29T16:00:00Z,0.0001,BTCUSDT,okx
2025-07-30T00:00:00Z,0.0001,BTCUSDT,okx
2025-07-30T08:00:00Z,0.0001,BTCUSDT,okx
2025-07-30T16:00:00Z,0.0001,BTCUSDT,okx
2025-07-31T00:00:00Z,0.0001,BTCUSDT,okx
2025-07-31T08:00:00Z,0.0001,BTCUSDT,okx
2025-07-31T16:00:00Z,0.0001,BTCUSDT,okx
2025-08-01T00:00:00Z,0.0001,BTCUSDT,okx
2025-08-01T08:00:00Z,0.0001,BTCUSDT,okx
2025-08-01T16:00:00Z,6.13452905733e-05,BTCUSDT,okx
2025-08-02T00:00:00Z,7.79868203568e-05,BTCUSDT,okx
2025-08-02T08:00:00Z,0.0001,BTCUSDT,okx
2025-08-02T16:00:00Z,4.68713268359e-05,BTCUSDT,okx
2025-08-03T00:00:00Z,0.0001,BTCUSDT,okx
2025-08-03T08:00:00Z,0.0001,BTCUSDT,okx
2025-08-03T16:00:00Z,1.26951686887e-05,BTCUSDT,okx
2025-08-04T00:00:00Z,5.23547394566e-05,BTCUSDT,okx
2025-08-04T08:00:00Z,4.52659979921e-05,BTCUSDT,okx
2025-08-04T16:00:00Z,0.0001,BTCUSDT,okx
2025-08-05T00:00:00Z,0.0001,BTCUSDT,okx
2025-08-05T08:00:00Z,0.0001,BTCUSDT,okx
2025-08-05T16:00:00Z,0.0001,BTCUSDT,okx
2025-08-06T00:00:00Z,7.84147344761e-05,BTCUSDT,okx
2025-08-06T08:00:00Z,0.0001,BTCUSDT,okx
2025-08-06T16:00:00Z,6.18819120163e-05,BTCUSDT,okx
2025-08-07T00:00:00Z,8.64430613779e-05,BTCUSDT,okx
2025-08-07T08:00:00Z,1.67465628521e-05,BTCUSDT,okx
2025-08-07T16:00:00Z,0.0001,BTCUSDT,okx
2025-08-08T00:00:00Z,0.0001,BTCUSDT,okx
2025-08-08T08:00:00Z,0.0001,BTCUSDT,okx
2025-08-08T16:00:00Z,8.66155092737e-05,BTCUSDT,okx
2025-08-09T00:00:00Z,0.0001,BTCUSDT,okx
2025-08-09T08:00:00Z,7.62015356961e-05,BTCUSDT,okx
2025-08-09T16:00:00Z,0.0001,BTCUSDT,okx
2025-08-10T00:00:00Z,0.0001,BTCUSDT,okx
2025-08-10T08:00:00Z,0.0001,BTCUSDT,okx
2025-08-10T16:00:00Z,0.0001,BTCUSDT,okx
2025-08-11T00:00:00Z,0.0001,BTCUSDT,okx
2025-08-11T08:00:00Z,0.0001,BTCUSDT,okx
2025-08-11T16:00:00Z,0.0001,BTCUSDT,okx
2025-08-12T00:00:00Z,0.0001,BTCUSDT,okx
2025-08-12T08:00:00Z,0.0001,BTCUSDT,okx
2025-08-12T16:00:00Z,0.0001,BTCUSDT,okx
2025-08-13T00:00:00Z,0.0001,BTCUSDT,okx
2025-08-13T08:00:00Z,0.0001,BTCUSDT,okx
2025-08-13T16:00:00Z,0.0001,BTCUSDT,okx
2025-08-14T00:00:00Z,0.0001,BTCUSDT,okx
2025-08-14T08:00:00Z,0.0001,BTCUSDT,okx
2025-08-14T16:00:00Z,0.0001,BTCUSDT,okx
2025-08-15T00:00:00Z,0.0001,BTCUSDT,okx
2025-08-15T08:00:00Z,0.0001,BTCUSDT,okx
2025-08-15T16:00:00Z,0.0001,BTCUSDT,okx
2025-08-16T00:00:00Z,0.0001,BTCUSDT,okx
2025-08-16T08:00:00Z,4.85042249884e-05,BTCUSDT,okx
2025-08-16T16:00:00Z,9.63406866335e-05,BTCUSDT,okx
2025-08-17T00:00:00Z,0.0001,BTCUSDT,okx
2025-08-17T08:00:00Z,3.38648369538e-05,BTCUSDT,okx
2025-08-17T16:00:00Z,2.71023628584e-05,BTCUSDT,okx
2025-08-18T00:00:00Z,8.13313916158e-05,BTCUSDT,okx
2025-08-18T08:00:00Z,4.9730324728e-06,BTCUSDT,okx
2025-08-18T16:00:00Z,7.3081596415e-06,BTCUSDT,okx
2025-08-19T00:00:00Z,0.0001,BTCUSDT,okx
2025-08-19T08:00:00Z,0.0001,BTCUSDT,okx
2025-08-19T16:00:00Z,0.0001,BTCUSDT,okx
2025-08-20T00:00:00Z,7.34451158406e-05,BTCUSDT,okx
2025-08-20T08:00:00Z,2.74361330908e-05,BTCUSDT,okx
2025-08-20T16:00:00Z,0.0001,BTCUSDT,okx
2025-08-21T00:00:00Z,0.0001,BTCUSDT,okx
2025-08-21T08:00:00Z,0.0001,BTCUSDT,okx
2025-08-21T16:00:00Z,0.0001,BTCUSDT,okx
2025-08-22T00:00:00Z,0.0001,BTCUSDT,okx
2025-08-22T08:00:00Z,0.0001,BTCUSDT,okx
2025-08-22T16:00:00Z,0.0001,BTCUSDT,okx
2025-08-23T00:00:00Z,0.0001,BTCUSDT,okx
2025-08-23T08:00:00Z,0.0001,BTCUSDT,okx
2025-08-23T16:00:00Z,0.0001,BTCUSDT,okx
2025-08-24T00:00:00Z,0.0001,BTCUSDT,okx
2025-08-24T08:00:00Z,0.0001,BTCUSDT,okx
2025-08-24T16:00:00Z,0.0001,BTCUSDT,okx
2025-08-25T00:00:00Z,0.0001,BTCUSDT,okx
2025-08-25T08:00:00Z,0.0001,BTCUSDT,okx
2025-08-25T16:00:00Z,0.0001,BTCUSDT,okx
2025-08-26T00:00:00Z,0.0001,BTCUSDT,okx
2025-08-26T08:00:00Z,0.0001,BTCUSDT,okx
2025-08-26T16:00:00Z,6.61207889198e-05,BTCUSDT,okx
2025-08-27T00:00:00Z,0.0001,BTCUSDT,okx
2025-08-27T08:00:00Z,0.0001,BTCUSDT,okx
2025-08-27T16:00:00Z,8.50143326403e-05,BTCUSDT,okx
2025-08-28T00:00:00Z,5.01214998157e-05,BTCUSDT,okx
2025-08-28T08:00:00Z,0.0001,BTCUSDT,okx
2025-08-28T16:00:00Z,0.0001,BTCUSDT,okx
2025-08-29T00:00:00Z,0.0001,BTCUSDT,okx
2025-08-29T08:00:00Z,0.0001,BTCUSDT,okx
2025-08-29T16:00:00Z,8.92469381918e-05,BTCUSDT,okx
2025-08-30T00:00:00Z,3.28287759596e-05,BTCUSDT,okx
2025-08-30T08:00:00Z,7.79247075637e-05,BTCUSDT,okx
2025-08-30T16:00:00Z,0.0001,BTCUSDT,okx
2025-08-31T00:00:00Z,8.15183153695e-05,BTCUSDT,okx
2025-08-31T08:00:00Z,8.61932302854e-05,BTCUSDT,okx
2025-08-31T16:00:00Z,6.64022487726e-05,BTCUSDT,okx
2025-09-01T00:00:00Z,8.13744388902e-05,BTCUSDT,okx
2025-09-01T08:00:00Z,5.82630671561e-05,BTCUSDT,okx
2025-09-01T16:00:00Z,0.0001,BTCUSDT,okx
2025-09-02T00:00:00Z,9.91506161732e-05,BTCUSDT,okx
2025-09-02T08:00:00Z,5.56310360563e-05,BTCUSDT,okx
2025-09-02T16:00:00Z,0.0001,BTCUSDT,okx
2025-09-03T00:00:00Z,9.27877513491e-05,BTCUSDT,okx
2025-09-03T08:00:00Z,4.70097462316e-05,BTCUSDT,okx
2025-09-03T16:00:00Z,1.52120848989e-05,BTCUSDT,okx
2025-09-04T00:00:00Z,4.19306777322e-05,BTCUSDT,okx
2025-09-04T08:00:00Z,6.88573902237e-05,BTCUSDT,okx
2025-09-04T16:00:00Z,8.49995788265e-05,BTCUSDT,okx
2025-09-05T00:00:00Z,3.49954753957e-05,BTCUSDT,okx
2025-09-05T08:00:00Z,2.25081536311e-05,BTCUSDT,okx
2025-09-05T16:00:00Z,7.70978698535e-05,BTCUSDT,okx
2025-09-06T00:00:00Z,0.0001,BTCUSDT,okx
2025-09-06T08:00:00Z,4.79769299047e-05,BTCUSDT,okx
2025-09-06T16:00:00Z,6.35105037768e-05,BTCUSDT,okx
2025-09-07T00:00:00Z,9.43263961208e-05,BTCUSDT,okx
2025-09-07T08:00:00Z,5.63303988929e-05,BTCUSDT,okx
2025-09-07T16:00:00Z,7.18048999039e-05,BTCUSDT,okx
