instrument,contract_type,funding_rate,real_funding_rate,funding_time,date
1INCH-USD-SWAP,SWAP,0.0002337910918703,0.0002645936863245,2024-06-17 00:00:00+00:00,2024-06-17
1INCH-USD-SWAP,SWAP,0.0002648429485084,7.66000063287e-05,2024-06-17 08:00:00+00:00,2024-06-17
1INCH-USD-SWAP,SWAP,7.68466578161e-05,0.0001807388068638,2024-06-17 16:00:00+00:00,2024-06-17
1INCH-USDT-SWAP,SWAP,1.87360386577e-05,4.05310763658e-05,2024-06-17 00:00:00+00:00,2024-06-17
1INCH-USDT-SWAP,SWAP,4.02891518795e-05,-0.0001070144763423,2024-06-17 08:00:00+00:00,2024-06-17
1INCH-USDT-SWAP,SWAP,-0.0001055247203827,2.32183989406e-05,2024-06-17 16:00:00+00:00,2024-06-17
AAVE-USDT-SWAP,SWAP,-3.64885860224e-05,-8.2718547284e-06,2024-06-17 00:00:00+00:00,2024-06-17
AAVE-USDT-SWAP,SWAP,-9.7366248623e-06,-9.819107045e-06,2024-06-17 08:00:00+00:00,2024-06-17
AAVE-USDT-SWAP,SWAP,-1.03035273991e-05,-8.56448615881e-05,2024-06-17 16:00:00+00:00,2024-06-17
ACE-USDT-SWAP,SWAP,-7.33242976251e-05,0.0001043192163442,2024-06-17 16:00:00+00:00,2024-06-17
ACE-USDT-SWAP,SWAP,0.0001246208708516,0.0001623680534681,2024-06-17 00:00:00+00:00,2024-06-17
ACE-USDT-SWAP,SWAP,0.0001598857923514,-7.45608440005e-05,2024-06-17 08:00:00+00:00,2024-06-17
ACH-USDT-SWAP,SWAP,-0.0002137460455713,0.0001294186371106,2024-06-17 16:00:00+00:00,2024-06-17
ACH-USDT-SWAP,SWAP,0.0002095116576582,2.38116637995e-05,2024-06-17 00:00:00+00:00,2024-06-17
ACH-USDT-SWAP,SWAP,2.55454518203e-05,-0.0002145836898453,2024-06-17 08:00:00+00:00,2024-06-17
ADA-USD-SWAP,SWAP,0.0002014210717459,0.0001441005640552,2024-06-17 00:00:00+00:00,2024-06-17
ADA-USD-SWAP,SWAP,0.0001435927773954,0.0001692534042074,2024-06-17 08:00:00+00:00,2024-06-17
ADA-USD-SWAP,SWAP,0.0001692531637844,0.0001221434656563,2024-06-17 16:00:00+00:00,2024-06-17
ADA-USDT-SWAP,SWAP,-6.46642458868e-05,-7.33423839888e-05,2024-06-17 00:00:00+00:00,2024-06-17
ADA-USDT-SWAP,SWAP,-3.29413259597e-05,6.41508378521e-05,2024-06-17 16:00:00+00:00,2024-06-17
ADA-USDT-SWAP,SWAP,-7.48502598664e-05,-3.39415461054e-05,2024-06-17 08:00:00+00:00,2024-06-17
AEVO-USDT-SWAP,SWAP,-8.7654200857e-06,8.58490676036e-05,2024-06-17 16:00:00+00:00,2024-06-17
AEVO-USDT-SWAP,SWAP,0.0001050597822343,5.57909944603e-05,2024-06-17 00:00:00+00:00,2024-06-17
AEVO-USDT-SWAP,SWAP,5.21554771039e-05,-1.07358504787e-05,2024-06-17 08:00:00+00:00,2024-06-17
AGIX-USDT-SWAP,SWAP,9.6416435466e-05,4.76124910544e-05,2024-06-17 08:00:00+00:00,2024-06-17
AGIX-USDT-SWAP,SWAP,0.0001198308590716,9.74253152759e-05,2024-06-17 00:00:00+00:00,2024-06-17
AGIX-USDT-SWAP,SWAP,4.82839117721e-05,0.0001025801651944,2024-06-17 16:00:00+00:00,2024-06-17
AGLD-USDT-SWAP,SWAP,7.71665415147e-05,-9.12765460302e-05,2024-06-17 08:00:00+00:00,2024-06-17
AGLD-USDT-SWAP,SWAP,-8.87143270782e-05,-2.74914324399e-05,2024-06-17 16:00:00+00:00,2024-06-17
AGLD-USDT-SWAP,SWAP,6.33711783044e-05,8.05439654454e-05,2024-06-17 00:00:00+00:00,2024-06-17
AIDOGE-USDT-SWAP,SWAP,-0.0001317818525742,-0.0001725881378663,2024-06-17 00:00:00+00:00,2024-06-17
AIDOGE-USDT-SWAP,SWAP,0.0001244559286639,0.0002270731723904,2024-06-17 16:00:00+00:00,2024-06-17
AIDOGE-USDT-SWAP,SWAP,-0.0001660756401126,0.0001282707776034,2024-06-17 08:00:00+00:00,2024-06-17
ALGO-USD-SWAP,SWAP,0.000211835980983,0.0001437351088324,2024-06-17 00:00:00+00:00,2024-06-17
ALGO-USD-SWAP,SWAP,0.0001423767490934,0.000253206299002,2024-06-17 08:00:00+00:00,2024-06-17
ALGO-USD-SWAP,SWAP,0.0002545460632035,0.000240408628475,2024-06-17 16:00:00+00:00,2024-06-17
ALGO-USDT-SWAP,SWAP,3.86463893358e-05,-8.37750366105e-05,2024-06-17 00:00:00+00:00,2024-06-17
ALGO-USDT-SWAP,SWAP,-8.51325110932e-05,-5.50224611259e-05,2024-06-17 08:00:00+00:00,2024-06-17
ALGO-USDT-SWAP,SWAP,-5.36835579554e-05,6.47925722249e-05,2024-06-17 16:00:00+00:00,2024-06-17
ALPHA-USDT-SWAP,SWAP,-0.0001911005627195,9.39413188604e-05,2024-06-17 00:00:00+00:00,2024-06-17
ALPHA-USDT-SWAP,SWAP,9.43575544487e-05,-0.0001604548392206,2024-06-17 08:00:00+00:00,2024-06-17
ALPHA-USDT-SWAP,SWAP,-0.0001610981149593,-8.3855957059e-06,2024-06-17 16:00:00+00:00,2024-06-17
APE-USDT-SWAP,SWAP,1.6123677679e-05,-0.0001159732490834,2024-06-17 00:00:00+00:00,2024-06-17
APE-USDT-SWAP,SWAP,1.18073545518e-05,9.6873773504e-05,2024-06-17 16:00:00+00:00,2024-06-17
APE-USDT-SWAP,SWAP,-0.0001157727052329,1.22808856274e-05,2024-06-17 08:00:00+00:00,2024-06-17
API3-USDT-SWAP,SWAP,-3.56935134652e-05,-0.0001085501221102,2024-06-17 00:00:00+00:00,2024-06-17
API3-USDT-SWAP,SWAP,-0.0001101427477293,-7.16090014239e-05,2024-06-17 08:00:00+00:00,2024-06-17
API3-USDT-SWAP,SWAP,-7.1590478122e-05,-1.02625733561e-05,2024-06-17 16:00:00+00:00,2024-06-17
APT-USDT-SWAP,SWAP,-1.60551575218e-05,-2.21723757175e-05,2024-06-17 00:00:00+00:00,2024-06-17
APT-USDT-SWAP,SWAP,-2.17873846804e-05,-5.71248890592e-05,2024-06-17 08:00:00+00:00,2024-06-17
APT-USDT-SWAP,SWAP,-5.72171472033e-05,1.7391642059e-05,2024-06-17 16:00:00+00:00,2024-06-17
AR-USDT-SWAP,SWAP,5.79404724789e-05,5.62927980506e-05,2024-06-17 00:00:00+00:00,2024-06-17
AR-USDT-SWAP,SWAP,5.67403032181e-05,2.07944899959e-05,2024-06-17 08:00:00+00:00,2024-06-17
AR-USDT-SWAP,SWAP,1.97809468933e-05,2.01134762982e-05,2024-06-17 16:00:00+00:00,2024-06-17
ARB-USDT-SWAP,SWAP,8.48642625383e-05,4.77157661245e-05,2024-06-17 00:00:00+00:00,2024-06-17
ARB-USDT-SWAP,SWAP,2.29661566189e-05,8.23899635733e-05,2024-06-17 16:00:00+00:00,2024-06-17
ARB-USDT-SWAP,SWAP,4.6812090371e-05,2.20655556627e-05,2024-06-17 08:00:00+00:00,2024-06-17
ATH-USDT-SWAP,SWAP,-0.0036950831821794,0.0004008157066699,2024-06-17 00:00:00+00:00,2024-06-17
ATH-USDT-SWAP,SWAP,0.0003965108136041,-9.15021302635e-05,2024-06-17 08:00:00+00:00,2024-06-17
ATH-USDT-SWAP,SWAP,-9.01812970867e-05,-0.0005303364290533,2024-06-17 16:00:00+00:00,2024-06-17
ATOM-USD-SWAP,SWAP,3.38729936856e-05,0.0001630301857091,2024-06-17 00:00:00+00:00,2024-06-17
ATOM-USD-SWAP,SWAP,0.0001617263046618,0.0002662575066862,2024-06-17 08:00:00+00:00,2024-06-17
ATOM-USD-SWAP,SWAP,0.0002678437552741,0.0003900174959343,2024-06-17 16:00:00+00:00,2024-06-17
ATOM-USDT-SWAP,SWAP,7.53761598626e-05,7.57226349758e-05,2024-06-17 16:00:00+00:00,2024-06-17
ATOM-USDT-SWAP,SWAP,8.30200426381e-05,-7.25103415511e-05,2024-06-17 00:00:00+00:00,2024-06-17
ATOM-USDT-SWAP,SWAP,-7.36712773686e-05,7.47999368201e-05,2024-06-17 08:00:00+00:00,2024-06-17
AUCTION-USDT-SWAP,SWAP,2.27464643265e-05,6.0741465579e-05,2024-06-17 00:00:00+00:00,2024-06-17
AUCTION-USDT-SWAP,SWAP,6.1061951493e-05,3.95488167628e-05,2024-06-17 08:00:00+00:00,2024-06-17
AUCTION-USDT-SWAP,SWAP,3.95340348049e-05,6.48973682695e-05,2024-06-17 16:00:00+00:00,2024-06-17
AVAX-USD-SWAP,SWAP,4.44005182521e-05,2.31627015126e-05,2024-06-17 16:00:00+00:00,2024-06-17
AVAX-USD-SWAP,SWAP,-6.9664951185e-06,9.96013450865e-05,2024-06-17 00:00:00+00:00,2024-06-17
AVAX-USD-SWAP,SWAP,9.93601510812e-05,4.38467187177e-05,2024-06-17 08:00:00+00:00,2024-06-17
AVAX-USDT-SWAP,SWAP,-5.57086220883e-05,-6.48949439351e-05,2024-06-17 16:00:00+00:00,2024-06-17
AVAX-USDT-SWAP,SWAP,-5.95300398124e-05,-5.57768591517e-05,2024-06-17 08:00:00+00:00,2024-06-17
AVAX-USDT-SWAP,SWAP,-1.38973977571e-05,-5.87739335516e-05,2024-06-17 00:00:00+00:00,2024-06-17
AXS-USDT-SWAP,SWAP,-0.0002765723243793,-9.60672348891e-05,2024-06-17 08:00:00+00:00,2024-06-17
AXS-USDT-SWAP,SWAP,-0.0001158800447711,-0.000275803706717,2024-06-17 00:00:00+00:00,2024-06-17
AXS-USDT-SWAP,SWAP,-9.49888958965e-05,-0.0002226706808082,2024-06-17 16:00:00+00:00,2024-06-17
BADGER-USDT-SWAP,SWAP,9.70447917336e-05,-0.0001304805972221,2024-06-17 08:00:00+00:00,2024-06-17
BADGER-USDT-SWAP,SWAP,0.0001870871343342,9.42304758803e-05,2024-06-17 00:00:00+00:00,2024-06-17
BADGER-USDT-SWAP,SWAP,-0.0001315946051259,-9.58301429072e-05,2024-06-17 16:00:00+00:00,2024-06-17
BAL-USDT-SWAP,SWAP,-4.60581856106e-05,-3.25215305461e-05,2024-06-17 00:00:00+00:00,2024-06-17
BAL-USDT-SWAP,SWAP,-0.0003106896845644,0.0001759802690535,2024-06-17 16:00:00+00:00,2024-06-17
BAL-USDT-SWAP,SWAP,-3.07080385741e-05,-0.0003100896515751,2024-06-17 08:00:00+00:00,2024-06-17
BAND-USDT-SWAP,SWAP,-0.0002011287817826,0.0001601145556987,2024-06-17 00:00:00+00:00,2024-06-17
BAND-USDT-SWAP,SWAP,0.000160119624193,-5.10016002341e-05,2024-06-17 08:00:00+00:00,2024-06-17
BAND-USDT-SWAP,SWAP,-5.1005055151e-05,7.1225500256e-05,2024-06-17 16:00:00+00:00,2024-06-17
BAT-USDT-SWAP,SWAP,8.00423248738e-05,2.47771687884e-05,2024-06-17 16:00:00+00:00,2024-06-17
BAT-USDT-SWAP,SWAP,2.64771020484e-05,8.00439178284e-05,2024-06-17 08:00:00+00:00,2024-06-17
BAT-USDT-SWAP,SWAP,0.00011760562279,2.84261490259e-05,2024-06-17 00:00:00+00:00,2024-06-17
BCH-USD-SWAP,SWAP,0.0001934345078248,0.0002291508578896,2024-06-17 16:00:00+00:00,2024-06-17
BCH-USD-SWAP,SWAP,0.0001727976844604,5.48587785571e-05,2024-06-17 00:00:00+00:00,2024-06-17
BCH-USD-SWAP,SWAP,5.5099345642e-05,0.0001931866207243,2024-06-17 08:00:00+00:00,2024-06-17
BCH-USDT-SWAP,SWAP,2.13004258294e-05,-9.44754804267e-05,2024-06-17 00:00:00+00:00,2024-06-17
BCH-USDT-SWAP,SWAP,-9.49580135394e-05,-7.20131813581e-05,2024-06-17 08:00:00+00:00,2024-06-17
BCH-USDT-SWAP,SWAP,-7.20153749643e-05,0.0001193754322575,2024-06-17 16:00:00+00:00,2024-06-17
BICO-USDT-SWAP,SWAP,-5.98387697532e-05,0.0001665140970549,2024-06-17 16:00:00+00:00,2024-06-17
BICO-USDT-SWAP,SWAP,-0.0002327321637754,-5.9619840231e-05,2024-06-17 08:00:00+00:00,2024-06-17
BICO-USDT-SWAP,SWAP,-9.82420020372e-05,-0.000232521171945,2024-06-17 00:00:00+00:00,2024-06-17
BIGTIME-USDT-SWAP,SWAP,0.000134934268685,-3.14753737337e-05,2024-06-17 08:00:00+00:00,2024-06-17
BIGTIME-USDT-SWAP,SWAP,0.0001763068491657,0.0001363786665082,2024-06-17 00:00:00+00:00,2024-06-17
BIGTIME-USDT-SWAP,SWAP,-3.00390585526e-05,0.0001172059348423,2024-06-17 16:00:00+00:00,2024-06-17
BLOCK-USDT-SWAP,SWAP,0.0001352740820847,0.0004939812209044,2024-06-17 00:00:00+00:00,2024-06-17
BLOCK-USDT-SWAP,SWAP,0.0004888824712271,-0.0001880016658406,2024-06-17 08:00:00+00:00,2024-06-17
BLOCK-USDT-SWAP,SWAP,-0.0001781684353033,2.5741325929e-05,2024-06-17 16:00:00+00:00,2024-06-17
BLUR-USDT-SWAP,SWAP,-9.45923064019e-05,-0.0001136064295199,2024-06-17 08:00:00+00:00,2024-06-17
BLUR-USDT-SWAP,SWAP,-0.000130668655941,-9.52590735102e-05,2024-06-17 00:00:00+00:00,2024-06-17
BLUR-USDT-SWAP,SWAP,-0.000116285215201,7.00023595254e-05,2024-06-17 16:00:00+00:00,2024-06-17
BNB-USDT-SWAP,SWAP,6.89660038662e-05,0.0001253955147834,2024-06-17 08:00:00+00:00,2024-06-17
BNB-USDT-SWAP,SWAP,0.000125788852779,2.39346541617e-05,2024-06-17 16:00:00+00:00,2024-06-17
BNB-USDT-SWAP,SWAP,2.24040961385e-05,6.89382454894e-05,2024-06-17 00:00:00+00:00,2024-06-17
BNT-USDT-SWAP,SWAP,8.05500190125e-05,-6.48493121443e-05,2024-06-17 00:00:00+00:00,2024-06-17
BNT-USDT-SWAP,SWAP,-6.60478008494e-05,-0.0002385809598699,2024-06-17 08:00:00+00:00,2024-06-17
BNT-USDT-SWAP,SWAP,-0.0002391793599085,6.21096529098e-05,2024-06-17 16:00:00+00:00,2024-06-17
BONE-USDT-SWAP,SWAP,-0.0002664164188251,4.60636721456e-05,2024-06-17 16:00:00+00:00,2024-06-17
BONE-USDT-SWAP,SWAP,-0.0001035016900323,6.66631293966e-05,2024-06-17 00:00:00+00:00,2024-06-17
BONE-USDT-SWAP,SWAP,6.7614043286e-05,-0.0002656611047972,2024-06-17 08:00:00+00:00,2024-06-17
BONK-USDT-SWAP,SWAP,2.53189369169e-05,-4.2224285628e-05,2024-06-17 16:00:00+00:00,2024-06-17
BONK-USDT-SWAP,SWAP,-6.36362374561e-05,-7.27428465489e-05,2024-06-17 00:00:00+00:00,2024-06-17
BONK-USDT-SWAP,SWAP,-7.28033909136e-05,2.61036765116e-05,2024-06-17 08:00:00+00:00,2024-06-17
BSV-USD-SWAP,SWAP,0.0001948822482265,0.000129870567211,2024-06-17 16:00:00+00:00,2024-06-17
BSV-USD-SWAP,SWAP,0.0001470901211081,0.0002188803647721,2024-06-17 00:00:00+00:00,2024-06-17
BSV-USD-SWAP,SWAP,0.0002193123298559,0.000196127729643,2024-06-17 08:00:00+00:00,2024-06-17
BSV-USDT-SWAP,SWAP,1.20424632131e-05,-1.78918157333e-05,2024-06-17 00:00:00+00:00,2024-06-17
BSV-USDT-SWAP,SWAP,-1.62126341406e-05,-0.0001113339221098,2024-06-17 08:00:00+00:00,2024-06-17
BSV-USDT-SWAP,SWAP,-0.0001134326616308,-7.53725176952e-05,2024-06-17 16:00:00+00:00,2024-06-17
BTC-USD-SWAP,SWAP,3.10501599993e-05,7.08927597843e-05,2024-06-17 08:00:00+00:00,2024-06-17
BTC-USD-SWAP,SWAP,2.2064863593e-06,3.06677809611e-05,2024-06-17 00:00:00+00:00,2024-06-17
BTC-USD-SWAP,SWAP,7.08709901799e-05,6.8139159409e-06,2024-06-17 16:00:00+00:00,2024-06-17
BTC-USDC-SWAP,SWAP,0.0001062979739011,8.32653845709e-05,2024-06-17 08:00:00+00:00,2024-06-17
BTC-USDC-SWAP,SWAP,8.44780085519e-05,7.03125433826e-05,2024-06-17 16:00:00+00:00,2024-06-17
BTC-USDC-SWAP,SWAP,8.64426654497e-05,0.0001051942599284,2024-06-17 00:00:00+00:00,2024-06-17
BTC-USDT-SWAP,SWAP,-5.55766329381e-05,-4.12348224781e-05,2024-06-17 00:00:00+00:00,2024-06-17
BTC-USDT-SWAP,SWAP,-4.16144761616e-05,-9.8494596109e-06,2024-06-17 08:00:00+00:00,2024-06-17
BTC-USDT-SWAP,SWAP,-9.5933030458e-06,3.03281188206e-05,2024-06-17 16:00:00+00:00,2024-06-17
CEL-USDT-SWAP,SWAP,5.1569545226e-06,8.27122695104e-05,2024-06-17 00:00:00+00:00,2024-06-17
CEL-USDT-SWAP,SWAP,4.31818205e-06,0.0001736711008652,2024-06-17 16:00:00+00:00,2024-06-17
CEL-USDT-SWAP,SWAP,8.28205177498e-05,3.7531520453e-06,2024-06-17 08:00:00+00:00,2024-06-17
CELO-USDT-SWAP,SWAP,-3.5134984054e-05,9.1999376257e-06,2024-06-17 00:00:00+00:00,2024-06-17
CELO-USDT-SWAP,SWAP,7.0349104753e-06,-6.38945292763e-05,2024-06-17 08:00:00+00:00,2024-06-17
CELO-USDT-SWAP,SWAP,-6.29706887692e-05,0.0001516088656843,2024-06-17 16:00:00+00:00,2024-06-17
CETUS-USDT-SWAP,SWAP,0.0001215982814411,-8.17323245408e-05,2024-06-17 00:00:00+00:00,2024-06-17
CETUS-USDT-SWAP,SWAP,-7.95756647754e-05,7.18860671208e-05,2024-06-17 08:00:00+00:00,2024-06-17
CETUS-USDT-SWAP,SWAP,7.30388488797e-05,-0.0001408761655399,2024-06-17 16:00:00+00:00,2024-06-17
CFX-USDT-SWAP,SWAP,0.0001529857060455,0.0001751730707949,2024-06-17 16:00:00+00:00,2024-06-17
CFX-USDT-SWAP,SWAP,-2.38398396554e-05,-2.46844101214e-05,2024-06-17 00:00:00+00:00,2024-06-17
CFX-USDT-SWAP,SWAP,-2.5798924092e-05,0.0001518297470546,2024-06-17 08:00:00+00:00,2024-06-17
CHZ-USDT-SWAP,SWAP,0.0001512328740496,6.86296752558e-05,2024-06-17 00:00:00+00:00,2024-06-17
CHZ-USDT-SWAP,SWAP,-3.85343672714e-05,0.0001068758187281,2024-06-17 16:00:00+00:00,2024-06-17
CHZ-USDT-SWAP,SWAP,6.69875068034e-05,-3.89444347846e-05,2024-06-17 08:00:00+00:00,2024-06-17
COMP-USDT-SWAP,SWAP,-3.03746278043e-05,-0.0001307160094836,2024-06-17 00:00:00+00:00,2024-06-17
COMP-USDT-SWAP,SWAP,-0.00013188181003,-0.0001855914918124,2024-06-17 08:00:00+00:00,2024-06-17
COMP-USDT-SWAP,SWAP,-0.0001824977494421,7.1138896012e-05,2024-06-17 16:00:00+00:00,2024-06-17
CORE-USDT-SWAP,SWAP,0.0001161261310572,0.0001273330082165,2024-06-17 00:00:00+00:00,2024-06-17
CORE-USDT-SWAP,SWAP,0.0001265290197006,7.88791322466e-05,2024-06-17 08:00:00+00:00,2024-06-17
CORE-USDT-SWAP,SWAP,7.97320773178e-05,7.34208375223e-05,2024-06-17 16:00:00+00:00,2024-06-17
CRO-USDT-SWAP,SWAP,-0.000184558163511,1.99991598909e-05,2024-06-17 00:00:00+00:00,2024-06-17
CRO-USDT-SWAP,SWAP,2.10457455099e-05,-0.0002698209556205,2024-06-17 08:00:00+00:00,2024-06-17
CRO-USDT-SWAP,SWAP,-0.0002695051076319,-0.0001194331009621,2024-06-17 16:00:00+00:00,2024-06-17
CRV-USD-SWAP,SWAP,0.0001255002352531,0.0002086676005618,2024-06-17 00:00:00+00:00,2024-06-17
CRV-USD-SWAP,SWAP,0.0002067320167897,0.0001268359293487,2024-06-17 08:00:00+00:00,2024-06-17
CRV-USD-SWAP,SWAP,0.0001278216650964,-3.93804391623e-05,2024-06-17 16:00:00+00:00,2024-06-17
CRV-USDT-SWAP,SWAP,-3.9046164994e-06,-3.34414511071e-05,2024-06-17 16:00:00+00:00,2024-06-17
CRV-USDT-SWAP,SWAP,0.0001291147785588,-3.9107901415e-06,2024-06-17 08:00:00+00:00,2024-06-17
CRV-USDT-SWAP,SWAP,3.57672511119e-05,0.0001291123628537,2024-06-17 00:00:00+00:00,2024-06-17
CSPR-USDT-SWAP,SWAP,0.0001671761810704,8.02375284663e-05,2024-06-17 00:00:00+00:00,2024-06-17
CSPR-USDT-SWAP,SWAP,8.02213730737e-05,0.0001074828201416,2024-06-17 08:00:00+00:00,2024-06-17
CSPR-USDT-SWAP,SWAP,0.0001057368769302,-5.25215006628e-05,2024-06-17 16:00:00+00:00,2024-06-17
CTC-USDT-SWAP,SWAP,-0.000224728833669,-0.0001456816461466,2024-06-17 16:00:00+00:00,2024-06-17
CTC-USDT-SWAP,SWAP,8.43459885018e-05,-0.0003036333161782,2024-06-17 00:00:00+00:00,2024-06-17
CTC-USDT-SWAP,SWAP,-0.0003051606311187,-0.0002220652824489,2024-06-17 08:00:00+00:00,2024-06-17
CVC-USDT-SWAP,SWAP,8.35775426405e-05,-2.48237192443e-05,2024-06-17 00:00:00+00:00,2024-06-17
CVC-USDT-SWAP,SWAP,-2.14835745509e-05,8.02369782289e-05,2024-06-17 08:00:00+00:00,2024-06-17
CVC-USDT-SWAP,SWAP,7.69549794252e-05,-9.01628392224e-05,2024-06-17 16:00:00+00:00,2024-06-17
DGB-USDT-SWAP,SWAP,0.00016980452155,0.0001461746386424,2024-06-17 00:00:00+00:00,2024-06-17
DGB-USDT-SWAP,SWAP,0.0001458404118356,-0.0001885274258835,2024-06-17 08:00:00+00:00,2024-06-17
DGB-USDT-SWAP,SWAP,-0.0001881921869717,-8.19251404931e-05,2024-06-17 16:00:00+00:00,2024-06-17
DMAIL-USDT-SWAP,SWAP,-0.0002267241695742,-0.0002141687506608,2024-06-17 16:00:00+00:00,2024-06-17
DMAIL-USDT-SWAP,SWAP,-0.0001857329032004,-0.0002260629368331,2024-06-17 08:00:00+00:00,2024-06-17
DMAIL-USDT-SWAP,SWAP,-0.0001959972367044,-0.0001866237333702,2024-06-17 00:00:00+00:00,2024-06-17
DOGE-USD-SWAP,SWAP,2.40783101244e-05,0.0002278824842949,2024-06-17 00:00:00+00:00,2024-06-17
DOGE-USD-SWAP,SWAP,0.0002280347604059,0.0002463770556376,2024-06-17 08:00:00+00:00,2024-06-17
DOGE-USD-SWAP,SWAP,0.000246226085052,6.19182626708e-05,2024-06-17 16:00:00+00:00,2024-06-17
DOGE-USDT-SWAP,SWAP,-9.12077438077e-05,-4.49274764e-06,2024-06-17 00:00:00+00:00,2024-06-17
DOGE-USDT-SWAP,SWAP,-3.7309065686e-06,0.0001264690117876,2024-06-17 08:00:00+00:00,2024-06-17
DOGE-USDT-SWAP,SWAP,0.0001260128782731,0.0001099246920042,2024-06-17 16:00:00+00:00,2024-06-17
DOT-USD-SWAP,SWAP,2.26696247083e-05,-6.01142896711e-05,2024-06-17 00:00:00+00:00,2024-06-17
DOT-USD-SWAP,SWAP,-6.19241094064e-05,6.6399967938e-06,2024-06-17 08:00:00+00:00,2024-06-17
DOT-USD-SWAP,SWAP,8.9340287215e-06,0.0001867127160116,2024-06-17 16:00:00+00:00,2024-06-17
DOT-USDT-SWAP,SWAP,-0.0001555817365692,-0.0001739633423281,2024-06-17 08:00:00+00:00,2024-06-17
DOT-USDT-SWAP,SWAP,0.0001100788963267,-0.0001529377207024,2024-06-17 00:00:00+00:00,2024-06-17
DOT-USDT-SWAP,SWAP,-0.0001719951652757,0.0002232812099503,2024-06-17 16:00:00+00:00,2024-06-17
DYDX-USDT-SWAP,SWAP,0.0001196449749468,3.87258824811e-05,2024-06-17 16:00:00+00:00,2024-06-17
DYDX-USDT-SWAP,SWAP,0.0001242213369749,0.0002012222184438,2024-06-17 00:00:00+00:00,2024-06-17
DYDX-USDT-SWAP,SWAP,0.0002012168994149,0.0001196431908503,2024-06-17 08:00:00+00:00,2024-06-17
EGLD-USDT-SWAP,SWAP,-2.90154995174e-05,-7.82929552401e-05,2024-06-17 00:00:00+00:00,2024-06-17
EGLD-USDT-SWAP,SWAP,-0.0001112081127159,3.20783746685e-05,2024-06-17 16:00:00+00:00,2024-06-17
EGLD-USDT-SWAP,SWAP,-7.82997596548e-05,-0.000109957987366,2024-06-17 08:00:00+00:00,2024-06-17
ENJ-USDT-SWAP,SWAP,0.0002126527783181,0.000129884307782,2024-06-17 00:00:00+00:00,2024-06-17
ENJ-USDT-SWAP,SWAP,0.0001279838267012,-3.14166289749e-05,2024-06-17 08:00:00+00:00,2024-06-17
ENJ-USDT-SWAP,SWAP,-3.04754523951e-05,0.0002411230742919,2024-06-17 16:00:00+00:00,2024-06-17
ENS-USDT-SWAP,SWAP,1.39298829306e-05,3.55634952588e-05,2024-06-17 00:00:00+00:00,2024-06-17
ENS-USDT-SWAP,SWAP,3.5291292535e-05,5.32961064358e-05,2024-06-17 08:00:00+00:00,2024-06-17
ENS-USDT-SWAP,SWAP,5.30352555145e-05,0.0001526790546198,2024-06-17 16:00:00+00:00,2024-06-17
EOS-USD-SWAP,SWAP,7.85791882072e-05,0.0002665091583147,2024-06-17 00:00:00+00:00,2024-06-17
EOS-USD-SWAP,SWAP,0.000267745575972,0.0003261203202754,2024-06-17 08:00:00+00:00,2024-06-17
EOS-USD-SWAP,SWAP,0.000328509836582,0.000426129423082,2024-06-17 16:00:00+00:00,2024-06-17
EOS-USDT-SWAP,SWAP,-3.92128670402e-05,0.0001269249316814,2024-06-17 00:00:00+00:00,2024-06-17
EOS-USDT-SWAP,SWAP,5.1885912781e-05,0.0001324201742174,2024-06-17 16:00:00+00:00,2024-06-17
EOS-USDT-SWAP,SWAP,0.0001266137901169,5.28387360885e-05,2024-06-17 08:00:00+00:00,2024-06-17
ETC-USD-SWAP,SWAP,6.20107030424e-05,0.0001136208630831,2024-06-17 00:00:00+00:00,2024-06-17
ETC-USD-SWAP,SWAP,0.0001128027441594,8.53188795586e-05,2024-06-17 08:00:00+00:00,2024-06-17
ETC-USD-SWAP,SWAP,8.77745169972e-05,0.0002618918215948,2024-06-17 16:00:00+00:00,2024-06-17
ETC-USDT-SWAP,SWAP,9.5099058244e-06,7.45617310526e-05,2024-06-17 08:00:00+00:00,2024-06-17
ETC-USDT-SWAP,SWAP,7.53788862829e-05,8.31894628848e-05,2024-06-17 16:00:00+00:00,2024-06-17
ETC-USDT-SWAP,SWAP,0.0001358731297671,1.11467860838e-05,2024-06-17 00:00:00+00:00,2024-06-17
ETH-USD-SWAP,SWAP,6.55198621286e-05,0.0001262352181774,2024-06-17 00:00:00+00:00,2024-06-17
ETH-USD-SWAP,SWAP,0.0001267082976571,7.72021143361e-05,2024-06-17 08:00:00+00:00,2024-06-17
ETH-USD-SWAP,SWAP,7.70840486443e-05,-7.7395387678e-06,2024-06-17 16:00:00+00:00,2024-06-17
ETH-USDC-SWAP,SWAP,1.13608463455e-05,3.44229097131e-05,2024-06-17 00:00:00+00:00,2024-06-17
ETH-USDC-SWAP,SWAP,3.48692097865e-05,3.85371554634e-05,2024-06-17 08:00:00+00:00,2024-06-17
ETH-USDC-SWAP,SWAP,3.87820741481e-05,2.11624539624e-05,2024-06-17 16:00:00+00:00,2024-06-17
ETH-USDT-SWAP,SWAP,2.40334702174e-05,-4.38156208735e-05,2024-06-17 08:00:00+00:00,2024-06-17
ETH-USDT-SWAP,SWAP,-4.36859139502e-05,2.87106128966e-05,2024-06-17 16:00:00+00:00,2024-06-17
ETH-USDT-SWAP,SWAP,-1.89609632052e-05,2.45273130856e-05,2024-06-17 00:00:00+00:00,2024-06-17
ETHFI-USDT-SWAP,SWAP,-7.00135497179e-05,2.30164808308e-05,2024-06-17 16:00:00+00:00,2024-06-17
ETHFI-USDT-SWAP,SWAP,-1.38377423078e-05,-7.23620656389e-05,2024-06-17 08:00:00+00:00,2024-06-17
ETHFI-USDT-SWAP,SWAP,-0.0001857513989094,-1.29043741691e-05,2024-06-17 00:00:00+00:00,2024-06-17
ETHW-USDT-SWAP,SWAP,0.0002551576189004,0.0002073887072901,2024-06-17 16:00:00+00:00,2024-06-17
ETHW-USDT-SWAP,SWAP,-8.59434252718e-05,0.0002553886473322,2024-06-17 08:00:00+00:00,2024-06-17
ETHW-USDT-SWAP,SWAP,6.92622389957e-05,-8.77496368088e-05,2024-06-17 00:00:00+00:00,2024-06-17
FET-USDT-SWAP,SWAP,5.61359744597e-05,7.15456247486e-05,2024-06-17 00:00:00+00:00,2024-06-17
FET-USDT-SWAP,SWAP,-7.81929929428e-05,0.0001642367039293,2024-06-17 16:00:00+00:00,2024-06-17
FET-USDT-SWAP,SWAP,6.98380470312e-05,-7.96195169437e-05,2024-06-17 08:00:00+00:00,2024-06-17
FIL-USD-SWAP,SWAP,0.0001426168416118,0.0002367619820669,2024-06-17 08:00:00+00:00,2024-06-17
FIL-USD-SWAP,SWAP,0.0002379538211389,0.0002587110781379,2024-06-17 16:00:00+00:00,2024-06-17
FIL-USD-SWAP,SWAP,0.0001043423784195,0.0001428101001884,2024-06-17 00:00:00+00:00,2024-06-17
FIL-USDT-SWAP,SWAP,-3.5502539259e-06,2.69613688281e-05,2024-06-17 08:00:00+00:00,2024-06-17
FIL-USDT-SWAP,SWAP,2.7771298159e-05,0.0001593245132667,2024-06-17 16:00:00+00:00,2024-06-17
FIL-USDT-SWAP,SWAP,5.44238307907e-05,-3.1551459264e-06,2024-06-17 00:00:00+00:00,2024-06-17
FITFI-USDT-SWAP,SWAP,-4.94746587878e-05,0.0002065503970737,2024-06-17 08:00:00+00:00,2024-06-17
FITFI-USDT-SWAP,SWAP,0.0002098858711923,-0.0001354691548256,2024-06-17 16:00:00+00:00,2024-06-17
FITFI-USDT-SWAP,SWAP,-0.0002156906284858,-4.93068708943e-05,2024-06-17 00:00:00+00:00,2024-06-17
FLM-USDT-SWAP,SWAP,-0.0001393412057604,0.0002014171188641,2024-06-17 00:00:00+00:00,2024-06-17
FLM-USDT-SWAP,SWAP,0.0001986299272362,-0.0001634338728908,2024-06-17 08:00:00+00:00,2024-06-17
FLM-USDT-SWAP,SWAP,-0.0001598295990974,0.0001576571979374,2024-06-17 16:00:00+00:00,2024-06-17
FLOKI-USDT-SWAP,SWAP,-7.74946836978e-05,3.79402682017e-05,2024-06-17 16:00:00+00:00,2024-06-17
FLOKI-USDT-SWAP,SWAP,3.42771865109e-05,6.782508386e-06,2024-06-17 00:00:00+00:00,2024-06-17
FLOKI-USDT-SWAP,SWAP,6.4675101008e-06,-7.63366702297e-05,2024-06-17 08:00:00+00:00,2024-06-17
FLOW-USDT-SWAP,SWAP,-0.0001302004870927,9.53699573502e-05,2024-06-17 00:00:00+00:00,2024-06-17
FLOW-USDT-SWAP,SWAP,-0.0002165604910565,0.0001228902547952,2024-06-17 16:00:00+00:00,2024-06-17
FLOW-USDT-SWAP,SWAP,9.70935081189e-05,-0.0002175801876789,2024-06-17 08:00:00+00:00,2024-06-17
FLR-USDT-SWAP,SWAP,-9.93799505284e-05,0.0001392039437578,2024-06-17 16:00:00+00:00,2024-06-17
FLR-USDT-SWAP,SWAP,0.0002312420542982,0.0001167923735688,2024-06-17 00:00:00+00:00,2024-06-17
FLR-USDT-SWAP,SWAP,0.0001160225964897,-0.0001001457413634,2024-06-17 08:00:00+00:00,2024-06-17
FOXY-USDT-SWAP,SWAP,-0.0001093302217163,-0.0001147254617534,2024-06-17 16:00:00+00:00,2024-06-17
FOXY-USDT-SWAP,SWAP,-0.000131882059985,-4.72154115181e-05,2024-06-17 00:00:00+00:00,2024-06-17
FOXY-USDT-SWAP,SWAP,-4.75358654808e-05,-0.0001104703714401,2024-06-17 08:00:00+00:00,2024-06-17
FRONT-USDT-SWAP,SWAP,-2.51230587149e-05,-1.88921617356e-05,2024-06-17 00:00:00+00:00,2024-06-17
FRONT-USDT-SWAP,SWAP,5.14058358319e-05,0.0001314943005667,2024-06-17 16:00:00+00:00,2024-06-17
FRONT-USDT-SWAP,SWAP,-1.77751623765e-05,5.19509620405e-05,2024-06-17 08:00:00+00:00,2024-06-17
FTM-USDT-SWAP,SWAP,-4.40594529001e-05,3.19447405928e-05,2024-06-17 16:00:00+00:00,2024-06-17
FTM-USDT-SWAP,SWAP,4.50527751876e-05,1.4706094905e-06,2024-06-17 00:00:00+00:00,2024-06-17
FTM-USDT-SWAP,SWAP,-1.914507514e-07,-4.45588605822e-05,2024-06-17 08:00:00+00:00,2024-06-17
FXS-USDT-SWAP,SWAP,-9.67186600467e-05,-9.4826552178e-05,2024-06-17 00:00:00+00:00,2024-06-17
FXS-USDT-SWAP,SWAP,-9.37024686406e-05,-0.0001612541135937,2024-06-17 08:00:00+00:00,2024-06-17
FXS-USDT-SWAP,SWAP,-0.0001612540384615,3.10605827021e-05,2024-06-17 16:00:00+00:00,2024-06-17
GAL-USDT-SWAP,SWAP,4.1069927223e-06,3.24130168224e-05,2024-06-17 00:00:00+00:00,2024-06-17
GAL-USDT-SWAP,SWAP,3.31853693782e-05,-0.0002022659741039,2024-06-17 08:00:00+00:00,2024-06-17
GAL-USDT-SWAP,SWAP,-0.0002022687797417,-2.49967640698e-05,2024-06-17 16:00:00+00:00,2024-06-17
GALA-USDT-SWAP,SWAP,5.07202135009e-05,-4.17677678755e-05,2024-06-17 08:00:00+00:00,2024-06-17
GALA-USDT-SWAP,SWAP,-4.17670090982e-05,6.02480287854e-05,2024-06-17 16:00:00+00:00,2024-06-17
GALA-USDT-SWAP,SWAP,-1.14532475632e-05,4.91606239312e-05,2024-06-17 00:00:00+00:00,2024-06-17
GAS-USDT-SWAP,SWAP,7.76889450356e-05,-9.42744812894e-05,2024-06-17 00:00:00+00:00,2024-06-17
GAS-USDT-SWAP,SWAP,-9.12297046223e-05,-2.49085352951e-05,2024-06-17 08:00:00+00:00,2024-06-17
GAS-USDT-SWAP,SWAP,-2.99939320424e-05,-4.6498563781e-05,2024-06-17 16:00:00+00:00,2024-06-17
GFT-USDT-SWAP,SWAP,-6.79217067169e-05,0.0001701726661562,2024-06-17 08:00:00+00:00,2024-06-17
GFT-USDT-SWAP,SWAP,7.68706040908e-05,-7.01106682537e-05,2024-06-17 00:00:00+00:00,2024-06-17
GFT-USDT-SWAP,SWAP,0.0001707043766283,0.0002843469268675,2024-06-17 16:00:00+00:00,2024-06-17
GLM-USDT-SWAP,SWAP,-0.0001818946960277,4.84333031255e-05,2024-06-17 00:00:00+00:00,2024-06-17
GLM-USDT-SWAP,SWAP,-1.35352724872e-05,-6.10749099728e-05,2024-06-17 16:00:00+00:00,2024-06-17
GLM-USDT-SWAP,SWAP,4.77067279104e-05,-1.74228343192e-05,2024-06-17 08:00:00+00:00,2024-06-17
GMT-USDT-SWAP,SWAP,5.31366617661e-05,9.17793586269e-05,2024-06-17 00:00:00+00:00,2024-06-17
GMT-USDT-SWAP,SWAP,-9.36398116e-08,0.0001018626641321,2024-06-17 16:00:00+00:00,2024-06-17
GMT-USDT-SWAP,SWAP,9.28560027629e-05,9.874741612e-07,2024-06-17 08:00:00+00:00,2024-06-17
GMX-USDT-SWAP,SWAP,-6.73939732795e-05,-0.0001215323424005,2024-06-17 08:00:00+00:00,2024-06-17
GMX-USDT-SWAP,SWAP,-8.89203081419e-05,-6.93196279258e-05,2024-06-17 00:00:00+00:00,2024-06-17
GMX-USDT-SWAP,SWAP,-0.0001221806182055,1.85253041078e-05,2024-06-17 16:00:00+00:00,2024-06-17
GODS-USDT-SWAP,SWAP,-0.0001035631832276,-4.15544782106e-05,2024-06-17 16:00:00+00:00,2024-06-17
GODS-USDT-SWAP,SWAP,-0.0001001393903176,0.0001626853935858,2024-06-17 00:00:00+00:00,2024-06-17
GODS-USDT-SWAP,SWAP,0.0001642689834308,-0.0001035760670496,2024-06-17 08:00:00+00:00,2024-06-17
GPT-USDT-SWAP,SWAP,-7.46130171412e-05,-6.33988332226e-05,2024-06-17 00:00:00+00:00,2024-06-17
GPT-USDT-SWAP,SWAP,-6.66907328367e-05,-9.85898499165e-05,2024-06-17 08:00:00+00:00,2024-06-17
GPT-USDT-SWAP,SWAP,-9.45079988963e-05,6.83064375654e-05,2024-06-17 16:00:00+00:00,2024-06-17
GRT-USD-SWAP,SWAP,0.0003384489533595,0.0003172016300884,2024-06-17 00:00:00+00:00,2024-06-17
GRT-USD-SWAP,SWAP,0.0002369988957163,0.0001078662200451,2024-06-17 16:00:00+00:00,2024-06-17
GRT-USD-SWAP,SWAP,0.0003154368260119,0.0002361174203651,2024-06-17 08:00:00+00:00,2024-06-17
GRT-USDT-SWAP,SWAP,6.05084842297e-05,2.78713648761e-05,2024-06-17 00:00:00+00:00,2024-06-17
GRT-USDT-SWAP,SWAP,2.61161683177e-05,3.93368208148e-05,2024-06-17 08:00:00+00:00,2024-06-17
GRT-USDT-SWAP,SWAP,4.02105071311e-05,4.40054544212e-05,2024-06-17 16:00:00+00:00,2024-06-17
HBAR-USDT-SWAP,SWAP,-0.0001292016377744,5.93112555413e-05,2024-06-17 00:00:00+00:00,2024-06-17
HBAR-USDT-SWAP,SWAP,5.6548951465e-06,0.0001514585923192,2024-06-17 16:00:00+00:00,2024-06-17
HBAR-USDT-SWAP,SWAP,5.85804042719e-05,5.7740989385e-06,2024-06-17 08:00:00+00:00,2024-06-17
ICP-USDT-SWAP,SWAP,8.207727093e-05,-5.62092819188e-05,2024-06-17 00:00:00+00:00,2024-06-17
ICP-USDT-SWAP,SWAP,-5.77760249578e-05,-8.3814462522e-05,2024-06-17 08:00:00+00:00,2024-06-17
ICP-USDT-SWAP,SWAP,-8.33466273015e-05,0.0001616931329175,2024-06-17 16:00:00+00:00,2024-06-17
ICX-USDT-SWAP,SWAP,6.79719861451e-05,1.0612291339e-05,2024-06-17 00:00:00+00:00,2024-06-17
ICX-USDT-SWAP,SWAP,1.29171554032e-05,-0.0001125907836986,2024-06-17 08:00:00+00:00,2024-06-17
ICX-USDT-SWAP,SWAP,-0.0001160524299982,-8.71730371859e-05,2024-06-17 16:00:00+00:00,2024-06-17
ID-USDT-SWAP,SWAP,7.5352389347e-06,3.79044705912e-05,2024-06-17 00:00:00+00:00,2024-06-17
ID-USDT-SWAP,SWAP,-7.20256674936e-05,-2.35630965407e-05,2024-06-17 16:00:00+00:00,2024-06-17
ID-USDT-SWAP,SWAP,3.62286247872e-05,-7.36985001848e-05,2024-06-17 08:00:00+00:00,2024-06-17
IMX-USDT-SWAP,SWAP,-0.0001708331832792,8.69766426087e-05,2024-06-17 16:00:00+00:00,2024-06-17
IMX-USDT-SWAP,SWAP,-0.0001630222530449,-0.0001716821888874,2024-06-17 08:00:00+00:00,2024-06-17
IMX-USDT-SWAP,SWAP,-0.0002111148358138,-0.0001614522777911,2024-06-17 00:00:00+00:00,2024-06-17
INJ-USDT-SWAP,SWAP,5.56373006246e-05,-0.0001130963061476,2024-06-17 08:00:00+00:00,2024-06-17
INJ-USDT-SWAP,SWAP,-0.0001133462538442,0.0001235684015716,2024-06-17 16:00:00+00:00,2024-06-17
INJ-USDT-SWAP,SWAP,7.72974314389e-05,5.47276243401e-05,2024-06-17 00:00:00+00:00,2024-06-17
IOST-USDT-SWAP,SWAP,7.97097067696e-05,0.0001455071103285,2024-06-17 08:00:00+00:00,2024-06-17
IOST-USDT-SWAP,SWAP,0.0001456537918124,-2.23864418676e-05,2024-06-17 16:00:00+00:00,2024-06-17
IOST-USDT-SWAP,SWAP,4.13660740949e-05,7.62937145735e-05,2024-06-17 00:00:00+00:00,2024-06-17
IOTA-USDT-SWAP,SWAP,5.7181115316e-05,-2.86945451254e-05,2024-06-17 00:00:00+00:00,2024-06-17
IOTA-USDT-SWAP,SWAP,-2.86865244891e-05,-0.0001371853315557,2024-06-17 08:00:00+00:00,2024-06-17
IOTA-USDT-SWAP,SWAP,-0.0001360977040384,0.0001091367932194,2024-06-17 16:00:00+00:00,2024-06-17
JOE-USDT-SWAP,SWAP,-2.4794319116e-06,0.0002322385069241,2024-06-17 00:00:00+00:00,2024-06-17
JOE-USDT-SWAP,SWAP,0.0002333268540268,-0.0001773849196835,2024-06-17 08:00:00+00:00,2024-06-17
JOE-USDT-SWAP,SWAP,-0.0001762977478248,-2.61460453596e-05,2024-06-17 16:00:00+00:00,2024-06-17
JST-USDT-SWAP,SWAP,-0.0006539067530646,9.24581303958e-05,2024-06-17 00:00:00+00:00,2024-06-17
JST-USDT-SWAP,SWAP,9.39190898855e-05,-4.9280442052e-05,2024-06-17 08:00:00+00:00,2024-06-17
JST-USDT-SWAP,SWAP,-4.85541586179e-05,-0.0003874889354554,2024-06-17 16:00:00+00:00,2024-06-17
JTO-USDT-SWAP,SWAP,8.23387468096e-05,4.12191092135e-05,2024-06-17 00:00:00+00:00,2024-06-17
JTO-USDT-SWAP,SWAP,-0.0001189706916538,0.0001004931145086,2024-06-17 16:00:00+00:00,2024-06-17
JTO-USDT-SWAP,SWAP,3.97813004781e-05,-0.0001204193085662,2024-06-17 08:00:00+00:00,2024-06-17
JUP-USDT-SWAP,SWAP,0.0001354864205215,-2.40855175495e-05,2024-06-17 00:00:00+00:00,2024-06-17
JUP-USDT-SWAP,SWAP,-5.307471551e-06,0.0001143481408028,2024-06-17 16:00:00+00:00,2024-06-17
JUP-USDT-SWAP,SWAP,-2.5244589987e-05,-6.4583316392e-06,2024-06-17 08:00:00+00:00,2024-06-17
KISHU-USDT-SWAP,SWAP,-0.000250437800393,0.0004186229798155,2024-06-17 00:00:00+00:00,2024-06-17
KISHU-USDT-SWAP,SWAP,0.0004186140128305,-0.000322453359915,2024-06-17 08:00:00+00:00,2024-06-17
KISHU-USDT-SWAP,SWAP,-0.0003224580654608,-0.0005895851810467,2024-06-17 16:00:00+00:00,2024-06-17
KLAY-USDT-SWAP,SWAP,7.79758242314e-05,-0.0001900329121494,2024-06-17 00:00:00+00:00,2024-06-17
KLAY-USDT-SWAP,SWAP,-0.0001906119375339,-0.0001378020919982,2024-06-17 08:00:00+00:00,2024-06-17
KLAY-USDT-SWAP,SWAP,-0.000137223709618,4.86517044746e-05,2024-06-17 16:00:00+00:00,2024-06-17
KNC-USDT-SWAP,SWAP,-9.26160442926e-05,9.60910651114e-05,2024-06-17 00:00:00+00:00,2024-06-17
KNC-USDT-SWAP,SWAP,-0.0003205454182188,5.41893892138e-05,2024-06-17 16:00:00+00:00,2024-06-17
KNC-USDT-SWAP,SWAP,8.99394903082e-05,-0.000323400556293,2024-06-17 08:00:00+00:00,2024-06-17
KSM-USD-SWAP,SWAP,-6.8963086329e-06,5.48338274181e-05,2024-06-17 16:00:00+00:00,2024-06-17
KSM-USD-SWAP,SWAP,0.0003876146723009,-0.0001864822110315,2024-06-17 00:00:00+00:00,2024-06-17
KSM-USD-SWAP,SWAP,-0.0001841230602148,-8.8459687999e-06,2024-06-17 08:00:00+00:00,2024-06-17
KSM-USDT-SWAP,SWAP,-0.0001377610559894,-0.0003277920426222,2024-06-17 08:00:00+00:00,2024-06-17
KSM-USDT-SWAP,SWAP,-7.52897431504e-05,-0.0001354126029066,2024-06-17 00:00:00+00:00,2024-06-17
KSM-USDT-SWAP,SWAP,-0.0003254599501477,-0.0001298058905486,2024-06-17 16:00:00+00:00,2024-06-17
LDO-USDT-SWAP,SWAP,7.16476945472e-05,9.46661163525e-05,2024-06-17 16:00:00+00:00,2024-06-17
LDO-USDT-SWAP,SWAP,9.525415529e-07,-2.91805107454e-05,2024-06-17 00:00:00+00:00,2024-06-17
LDO-USDT-SWAP,SWAP,-2.71512092241e-05,7.16244858241e-05,2024-06-17 08:00:00+00:00,2024-06-17
LINK-USD-SWAP,SWAP,2.76632470164e-05,0.0001307541801702,2024-06-17 00:00:00+00:00,2024-06-17
LINK-USD-SWAP,SWAP,0.000129848570379,2.45923062076e-05,2024-06-17 08:00:00+00:00,2024-06-17
LINK-USD-SWAP,SWAP,2.52116859911e-05,4.35080915965e-05,2024-06-17 16:00:00+00:00,2024-06-17
LINK-USDT-SWAP,SWAP,-1.23512705935e-05,-1.7401607312e-06,2024-06-17 00:00:00+00:00,2024-06-17
LINK-USDT-SWAP,SWAP,-3.6832348823e-06,-1.88418594499e-05,2024-06-17 08:00:00+00:00,2024-06-17
LINK-USDT-SWAP,SWAP,-1.81549939322e-05,8.19311495927e-05,2024-06-17 16:00:00+00:00,2024-06-17
LOOKS-USDT-SWAP,SWAP,0.0001825472187839,-0.0003874450537593,2024-06-17 08:00:00+00:00,2024-06-17
LOOKS-USDT-SWAP,SWAP,0.0001295238950275,0.0001802686251214,2024-06-17 00:00:00+00:00,2024-06-17
LOOKS-USDT-SWAP,SWAP,-0.0003885611525647,0.000187622156903,2024-06-17 16:00:00+00:00,2024-06-17
LPT-USDT-SWAP,SWAP,1.70174641757e-05,-5.51136011921e-05,2024-06-17 08:00:00+00:00,2024-06-17
LPT-USDT-SWAP,SWAP,-8.14591794997e-05,1.81879426652e-05,2024-06-17 00:00:00+00:00,2024-06-17
LPT-USDT-SWAP,SWAP,-5.31316884304e-05,6.7756402632e-06,2024-06-17 16:00:00+00:00,2024-06-17
LQTY-USDT-SWAP,SWAP,-0.0001604470034219,-0.000184219669716,2024-06-17 00:00:00+00:00,2024-06-17
LQTY-USDT-SWAP,SWAP,-0.0001797489358278,5.05586382793e-05,2024-06-17 08:00:00+00:00,2024-06-17
LQTY-USDT-SWAP,SWAP,5.05242213733e-05,-2.3959503536e-06,2024-06-17 16:00:00+00:00,2024-06-17
LRC-USDT-SWAP,SWAP,-0.0001631485077747,5.91671565891e-05,2024-06-17 00:00:00+00:00,2024-06-17
LRC-USDT-SWAP,SWAP,-0.0001818330089381,-8.48613880086e-05,2024-06-17 16:00:00+00:00,2024-06-17
LRC-USDT-SWAP,SWAP,5.916044474e-05,-0.0001839840988354,2024-06-17 08:00:00+00:00,2024-06-17
LSK-USDT-SWAP,SWAP,0.000313345096531,-4.97348219527e-05,2024-06-17 00:00:00+00:00,2024-06-17
LSK-USDT-SWAP,SWAP,-4.78829686377e-05,-0.0003941617752217,2024-06-17 08:00:00+00:00,2024-06-17
LSK-USDT-SWAP,SWAP,-0.0003941601291299,-1.42259720971e-05,2024-06-17 16:00:00+00:00,2024-06-17
LTC-USD-SWAP,SWAP,9.74727270002e-05,3.21787557107e-05,2024-06-17 00:00:00+00:00,2024-06-17
LTC-USD-SWAP,SWAP,3.00782864642e-05,0.0001266808917242,2024-06-17 08:00:00+00:00,2024-06-17
LTC-USD-SWAP,SWAP,0.000128263622698,0.0002123450558791,2024-06-17 16:00:00+00:00,2024-06-17
LTC-USDT-SWAP,SWAP,2.88326356449e-05,4.85310493684e-05,2024-06-17 00:00:00+00:00,2024-06-17
LTC-USDT-SWAP,SWAP,4.85534220522e-05,4.08049651e-05,2024-06-17 08:00:00+00:00,2024-06-17
LTC-USDT-SWAP,SWAP,4.16092888508e-05,9.94706505921e-05,2024-06-17 16:00:00+00:00,2024-06-17
LUNA-USDT-SWAP,SWAP,-4.90309159471e-05,-0.0001052108370509,2024-06-17 00:00:00+00:00,2024-06-17
LUNA-USDT-SWAP,SWAP,-0.0001078410589787,2.374892945e-06,2024-06-17 08:00:00+00:00,2024-06-17
LUNA-USDT-SWAP,SWAP,3.5694648104e-06,6.70243881566e-05,2024-06-17 16:00:00+00:00,2024-06-17
LUNC-USDT-SWAP,SWAP,-7.27405566859e-05,-0.0001193636892311,2024-06-17 16:00:00+00:00,2024-06-17
LUNC-USDT-SWAP,SWAP,-0.0001707004286499,-0.0002953718385366,2024-06-17 00:00:00+00:00,2024-06-17
LUNC-USDT-SWAP,SWAP,-0.0002941197689016,-7.21413235279e-05,2024-06-17 08:00:00+00:00,2024-06-17
MAGIC-USDT-SWAP,SWAP,-2.2982070208e-06,-0.0001085102499121,2024-06-17 00:00:00+00:00,2024-06-17
MAGIC-USDT-SWAP,SWAP,-0.0001083574970177,-0.0002592628797532,2024-06-17 08:00:00+00:00,2024-06-17
MAGIC-USDT-SWAP,SWAP,-0.000257617319047,0.0001473297603962,2024-06-17 16:00:00+00:00,2024-06-17
MANA-USD-SWAP,SWAP,0.000132328276323,5.90469365465e-05,2024-06-17 16:00:00+00:00,2024-06-17
MANA-USD-SWAP,SWAP,0.0002754137458104,0.0002234878686786,2024-06-17 00:00:00+00:00,2024-06-17
MANA-USD-SWAP,SWAP,0.0002229520315969,0.0001309783134272,2024-06-17 08:00:00+00:00,2024-06-17
MANA-USDT-SWAP,SWAP,-9.6824211575e-06,1.0960244857e-05,2024-06-17 00:00:00+00:00,2024-06-17
MANA-USDT-SWAP,SWAP,1.04246832702e-05,-4.80209928932e-05,2024-06-17 08:00:00+00:00,2024-06-17
MANA-USDT-SWAP,SWAP,-4.7483066508e-05,-6.43934390303e-05,2024-06-17 16:00:00+00:00,2024-06-17
MASK-USDT-SWAP,SWAP,-0.000238900888434,0.0001528185358522,2024-06-17 08:00:00+00:00,2024-06-17
MASK-USDT-SWAP,SWAP,0.0001880428468855,-0.0002389032279495,2024-06-17 00:00:00+00:00,2024-06-17
MASK-USDT-SWAP,SWAP,0.0001528171096859,0.0002284201956383,2024-06-17 16:00:00+00:00,2024-06-17
MATIC-USDT-SWAP,SWAP,0.000134099730234,9.51783674088e-05,2024-06-17 16:00:00+00:00,2024-06-17
MATIC-USDT-SWAP,SWAP,0.0001588148435864,4.39422024713e-05,2024-06-17 00:00:00+00:00,2024-06-17
MATIC-USDT-SWAP,SWAP,4.32668680477e-05,0.0001337634398791,2024-06-17 08:00:00+00:00,2024-06-17
MEME-USDT-SWAP,SWAP,5.8567427027e-05,3.59590710946e-05,2024-06-17 00:00:00+00:00,2024-06-17
MEME-USDT-SWAP,SWAP,3.69348817405e-05,4.11120903549e-05,2024-06-17 08:00:00+00:00,2024-06-17
MEME-USDT-SWAP,SWAP,4.01394790882e-05,-7.48522245216e-05,2024-06-17 16:00:00+00:00,2024-06-17
MERL-USDT-SWAP,SWAP,-3.28393626265e-05,0.0001310706604399,2024-06-17 00:00:00+00:00,2024-06-17
MERL-USDT-SWAP,SWAP,6.7224407769e-05,0.000184536525961,2024-06-17 16:00:00+00:00,2024-06-17
MERL-USDT-SWAP,SWAP,0.000132950440452,6.77471441819e-05,2024-06-17 08:00:00+00:00,2024-06-17
METIS-USDT-SWAP,SWAP,-5.634589444e-05,-0.0001121002126559,2024-06-17 08:00:00+00:00,2024-06-17
METIS-USDT-SWAP,SWAP,1.12949290499e-05,-5.44632773496e-05,2024-06-17 00:00:00+00:00,2024-06-17
METIS-USDT-SWAP,SWAP,-0.0001105694710899,8.78635215838e-05,2024-06-17 16:00:00+00:00,2024-06-17
MEW-USDT-SWAP,SWAP,8.67914253757e-05,2.90380626255e-05,2024-06-17 08:00:00+00:00,2024-06-17
MEW-USDT-SWAP,SWAP,3.09925442359e-05,0.0002583997181946,2024-06-17 16:00:00+00:00,2024-06-17
MEW-USDT-SWAP,SWAP,-9.84971542471e-05,8.6084891349e-05,2024-06-17 00:00:00+00:00,2024-06-17
MINA-USDT-SWAP,SWAP,0.000158274070499,-3.89327841041e-05,2024-06-17 08:00:00+00:00,2024-06-17
MINA-USDT-SWAP,SWAP,-3.27553485991e-05,0.0001600082090168,2024-06-17 00:00:00+00:00,2024-06-17
MINA-USDT-SWAP,SWAP,-3.70439130668e-05,6.69176706285e-05,2024-06-17 16:00:00+00:00,2024-06-17
MKR-USDT-SWAP,SWAP,5.65166181724e-05,3.11803649966e-05,2024-06-17 00:00:00+00:00,2024-06-17
MKR-USDT-SWAP,SWAP,4.7988825233e-06,4.1574069154e-05,2024-06-17 16:00:00+00:00,2024-06-17
MKR-USDT-SWAP,SWAP,3.01866872752e-05,4.7998868874e-06,2024-06-17 08:00:00+00:00,2024-06-17
MOVR-USDT-SWAP,SWAP,1.85599300546e-05,-0.0002878385356419,2024-06-17 00:00:00+00:00,2024-06-17
MOVR-USDT-SWAP,SWAP,-0.0002899416619279,-1.9511119015e-05,2024-06-17 08:00:00+00:00,2024-06-17
MOVR-USDT-SWAP,SWAP,-1.50434752799e-05,0.0001439253121174,2024-06-17 16:00:00+00:00,2024-06-17
MSN-USDT-SWAP,SWAP,4.87380786804e-05,5.96618223642e-05,2024-06-17 00:00:00+00:00,2024-06-17
MSN-USDT-SWAP,SWAP,5.28052763352e-05,0.0001824660668271,2024-06-17 08:00:00+00:00,2024-06-17
MSN-USDT-SWAP,SWAP,0.0001892176431076,0.0002220806701165,2024-06-17 16:00:00+00:00,2024-06-17
NEAR-USDT-SWAP,SWAP,3.74374061417e-05,3.33331781794e-05,2024-06-17 00:00:00+00:00,2024-06-17
NEAR-USDT-SWAP,SWAP,1.06914704705e-05,7.08113000463e-05,2024-06-17 16:00:00+00:00,2024-06-17
NEAR-USDT-SWAP,SWAP,3.25979574232e-05,9.582654322e-06,2024-06-17 08:00:00+00:00,2024-06-17
NEO-USD-SWAP,SWAP,0.0002251312352313,9.21616972254e-05,2024-06-17 00:00:00+00:00,2024-06-17
NEO-USD-SWAP,SWAP,0.0001803490768135,0.0002119514868619,2024-06-17 16:00:00+00:00,2024-06-17
NEO-USD-SWAP,SWAP,9.37161347252e-05,0.0001822327350998,2024-06-17 08:00:00+00:00,2024-06-17
NEO-USDT-SWAP,SWAP,-1.94710722648e-05,6.7226554394e-05,2024-06-17 16:00:00+00:00,2024-06-17
NEO-USDT-SWAP,SWAP,5.98796888413e-05,-1.79991497758e-05,2024-06-17 08:00:00+00:00,2024-06-17
NEO-USDT-SWAP,SWAP,8.22870896622e-05,5.90616688424e-05,2024-06-17 00:00:00+00:00,2024-06-17
NFT-USDT-SWAP,SWAP,0.000257871644213,-0.0002293679843128,2024-06-17 08:00:00+00:00,2024-06-17
NFT-USDT-SWAP,SWAP,-0.0001391661998788,0.0002588395118701,2024-06-17 00:00:00+00:00,2024-06-17
NFT-USDT-SWAP,SWAP,-0.000225296670052,0.0002462613504649,2024-06-17 16:00:00+00:00,2024-06-17
NMR-USDT-SWAP,SWAP,-9.16365138834e-05,0.0001254418142855,2024-06-17 00:00:00+00:00,2024-06-17
NMR-USDT-SWAP,SWAP,0.0001282757260634,-0.0002290177737943,2024-06-17 08:00:00+00:00,2024-06-17
NMR-USDT-SWAP,SWAP,-0.0002271507786536,-0.0001209011434621,2024-06-17 16:00:00+00:00,2024-06-17
NOT-USDT-SWAP,SWAP,1.6838155582e-06,0.0001059165865963,2024-06-17 00:00:00+00:00,2024-06-17
NOT-USDT-SWAP,SWAP,0.0001155802348353,-8.0792127577e-06,2024-06-17 08:00:00+00:00,2024-06-17
NOT-USDT-SWAP,SWAP,-9.3235465924e-06,0.0001816605825907,2024-06-17 16:00:00+00:00,2024-06-17
OM-USDT-SWAP,SWAP,-0.0002755647579034,6.2784468522e-06,2024-06-17 16:00:00+00:00,2024-06-17
OM-USDT-SWAP,SWAP,4.5890963565e-06,-0.0002754945616093,2024-06-17 08:00:00+00:00,2024-06-17
OM-USDT-SWAP,SWAP,4.73289009033e-05,3.9586872974e-06,2024-06-17 00:00:00+00:00,2024-06-17
OMG-USDT-SWAP,SWAP,0.0002734346271969,0.0003879340871073,2024-06-17 00:00:00+00:00,2024-06-17
OMG-USDT-SWAP,SWAP,0.0003849614230648,-9.72259656193e-05,2024-06-17 08:00:00+00:00,2024-06-17
OMG-USDT-SWAP,SWAP,-9.18245124133e-05,-0.0002919626549236,2024-06-17 16:00:00+00:00,2024-06-17
ONE-USDT-SWAP,SWAP,-5.28122199722e-05,0.0002082560438046,2024-06-17 00:00:00+00:00,2024-06-17
ONE-USDT-SWAP,SWAP,0.0002082473169969,-0.0001140936017237,2024-06-17 08:00:00+00:00,2024-06-17
ONE-USDT-SWAP,SWAP,-0.000114092912818,5.46609359313e-05,2024-06-17 16:00:00+00:00,2024-06-17
ONT-USDT-SWAP,SWAP,7.41658086687e-05,4.13772026688e-05,2024-06-17 00:00:00+00:00,2024-06-17
ONT-USDT-SWAP,SWAP,1.13204978066e-05,0.0001080736777572,2024-06-17 16:00:00+00:00,2024-06-17
ONT-USDT-SWAP,SWAP,4.22459823584e-05,1.21903477281e-05,2024-06-17 08:00:00+00:00,2024-06-17
OP-USD-SWAP,SWAP,0.0002069697984915,0.0003622218145068,2024-06-17 08:00:00+00:00,2024-06-17
OP-USD-SWAP,SWAP,0.0002166469506958,0.0002069259228583,2024-06-17 00:00:00+00:00,2024-06-17
OP-USD-SWAP,SWAP,0.0003624682705666,0.0001801001142937,2024-06-17 16:00:00+00:00,2024-06-17
OP-USDT-SWAP,SWAP,7.82172188724e-05,0.0001299960515233,2024-06-17 16:00:00+00:00,2024-06-17
OP-USDT-SWAP,SWAP,0.0001007443335669,7.5085218365e-06,2024-06-17 00:00:00+00:00,2024-06-17
OP-USDT-SWAP,SWAP,6.7986794861e-06,7.88141310703e-05,2024-06-17 08:00:00+00:00,2024-06-17
ORBS-USDT-SWAP,SWAP,-4.9021320123e-05,4.48565071566e-05,2024-06-17 16:00:00+00:00,2024-06-17
ORBS-USDT-SWAP,SWAP,5.80739650209e-05,0.0001547314258764,2024-06-17 00:00:00+00:00,2024-06-17
ORBS-USDT-SWAP,SWAP,0.0001563187385547,-4.82479928178e-05,2024-06-17 08:00:00+00:00,2024-06-17
ORDI-USDT-SWAP,SWAP,0.0001173799942537,0.0001749114348838,2024-06-17 16:00:00+00:00,2024-06-17
ORDI-USDT-SWAP,SWAP,3.50778674931e-05,6.43074544307e-05,2024-06-17 00:00:00+00:00,2024-06-17
ORDI-USDT-SWAP,SWAP,6.46494888722e-05,0.0001175117574394,2024-06-17 08:00:00+00:00,2024-06-17
PEOPLE-USDT-SWAP,SWAP,6.77429588742e-05,6.583438356e-05,2024-06-17 08:00:00+00:00,2024-06-17
PEOPLE-USDT-SWAP,SWAP,-4.9157698659e-06,6.54452416082e-05,2024-06-17 00:00:00+00:00,2024-06-17
PEOPLE-USDT-SWAP,SWAP,6.62516066623e-05,0.0001837054841298,2024-06-17 16:00:00+00:00,2024-06-17
PEPE-USDT-SWAP,SWAP,6.40809546848e-05,0.0001162026959794,2024-06-17 00:00:00+00:00,2024-06-17
PEPE-USDT-SWAP,SWAP,0.0001162143494967,-1.50165533298e-05,2024-06-17 08:00:00+00:00,2024-06-17
PEPE-USDT-SWAP,SWAP,-1.63802418339e-05,0.0001074934536651,2024-06-17 16:00:00+00:00,2024-06-17
PERP-USDT-SWAP,SWAP,-0.0001124060696653,-0.0001208878667777,2024-06-17 00:00:00+00:00,2024-06-17
PERP-USDT-SWAP,SWAP,-0.0001216286717244,-0.0001746594997831,2024-06-17 08:00:00+00:00,2024-06-17
PERP-USDT-SWAP,SWAP,-0.0001770724844235,0.0002148633158396,2024-06-17 16:00:00+00:00,2024-06-17
PRCL-USDT-SWAP,SWAP,-7.0191527103e-06,-0.0002498582396921,2024-06-17 08:00:00+00:00,2024-06-17
PRCL-USDT-SWAP,SWAP,-4.45203622609e-05,-8.4017530028e-06,2024-06-17 00:00:00+00:00,2024-06-17
PRCL-USDT-SWAP,SWAP,-0.0002464282457119,-2.2075928092e-06,2024-06-17 16:00:00+00:00,2024-06-17
PYTH-USDT-SWAP,SWAP,8.03251975497e-05,-2.2438337218e-05,2024-06-17 00:00:00+00:00,2024-06-17
PYTH-USDT-SWAP,SWAP,5.81000864251e-05,0.0001071145801302,2024-06-17 16:00:00+00:00,2024-06-17
PYTH-USDT-SWAP,SWAP,-2.24481552202e-05,5.98179855161e-05,2024-06-17 08:00:00+00:00,2024-06-17
QTUM-USDT-SWAP,SWAP,-5.40468342176e-05,0.0001133479490784,2024-06-17 08:00:00+00:00,2024-06-17
QTUM-USDT-SWAP,SWAP,0.0001126475507576,7.16062415255e-05,2024-06-17 16:00:00+00:00,2024-06-17
QTUM-USDT-SWAP,SWAP,-1.35021230678e-05,-5.33351251291e-05,2024-06-17 00:00:00+00:00,2024-06-17
RACA-USDT-SWAP,SWAP,-3.35958501093e-05,-3.56608973453e-05,2024-06-17 00:00:00+00:00,2024-06-17
RACA-USDT-SWAP,SWAP,-3.61559860652e-05,-0.000265525100323,2024-06-17 08:00:00+00:00,2024-06-17
RACA-USDT-SWAP,SWAP,-0.0002679888341609,-0.0003634021317588,2024-06-17 16:00:00+00:00,2024-06-17
RAY-USDT-SWAP,SWAP,-0.0001256989760325,-0.0001183226907121,2024-06-17 00:00:00+00:00,2024-06-17
RAY-USDT-SWAP,SWAP,0.0001445110771877,1.59162608225e-05,2024-06-17 16:00:00+00:00,2024-06-17
RAY-USDT-SWAP,SWAP,-0.0001149199532869,0.000143262811906,2024-06-17 08:00:00+00:00,2024-06-17
RDNT-USDT-SWAP,SWAP,0.0001882219236793,2.7876212471e-05,2024-06-17 00:00:00+00:00,2024-06-17
RDNT-USDT-SWAP,SWAP,2.78703704188e-05,-4.30327521572e-05,2024-06-17 08:00:00+00:00,2024-06-17
RDNT-USDT-SWAP,SWAP,-4.30358569177e-05,0.0002420305018308,2024-06-17 16:00:00+00:00,2024-06-17
REN-USDT-SWAP,SWAP,-6.8733679566e-06,-6.4656656672e-05,2024-06-17 00:00:00+00:00,2024-06-17
REN-USDT-SWAP,SWAP,-6.42711130958e-05,0.0001048746247222,2024-06-17 08:00:00+00:00,2024-06-17
REN-USDT-SWAP,SWAP,0.000106006190288,1.38948870603e-05,2024-06-17 16:00:00+00:00,2024-06-17
RNDR-USDT-SWAP,SWAP,-8.02109091639e-05,0.00016496468575,2024-06-17 16:00:00+00:00,2024-06-17
RNDR-USDT-SWAP,SWAP,-0.0001367266907547,-8.29696565528e-05,2024-06-17 08:00:00+00:00,2024-06-17
RNDR-USDT-SWAP,SWAP,8.00058994896e-05,-0.0001354772181441,2024-06-17 00:00:00+00:00,2024-06-17
RON-USDT-SWAP,SWAP,-9.09757207849e-05,-7.6760216676e-06,2024-06-17 00:00:00+00:00,2024-06-17
RON-USDT-SWAP,SWAP,-5.2558708083e-06,-0.0002762108367494,2024-06-17 08:00:00+00:00,2024-06-17
RON-USDT-SWAP,SWAP,-0.0002762159949761,-0.0003437731603316,2024-06-17 16:00:00+00:00,2024-06-17
RSR-USDT-SWAP,SWAP,0.0001008003941409,0.0001764767783173,2024-06-17 00:00:00+00:00,2024-06-17
RSR-USDT-SWAP,SWAP,0.0001768071765056,0.0001102497595638,2024-06-17 08:00:00+00:00,2024-06-17
RSR-USDT-SWAP,SWAP,0.0001113993662036,6.99425316077e-05,2024-06-17 16:00:00+00:00,2024-06-17
RVN-USDT-SWAP,SWAP,-0.0001300669549466,-0.0001471876225675,2024-06-17 00:00:00+00:00,2024-06-17
RVN-USDT-SWAP,SWAP,-0.0001471898957126,5.80765075719e-05,2024-06-17 08:00:00+00:00,2024-06-17
RVN-USDT-SWAP,SWAP,5.98356888118e-05,-5.62436564814e-05,2024-06-17 16:00:00+00:00,2024-06-17
SAND-USD-SWAP,SWAP,0.0001373390523758,-2.48330927128e-05,2024-06-17 08:00:00+00:00,2024-06-17
SAND-USD-SWAP,SWAP,-2.45573707945e-05,0.0001857641200721,2024-06-17 16:00:00+00:00,2024-06-17
SAND-USD-SWAP,SWAP,-9.9697699997e-06,0.0001370691928779,2024-06-17 00:00:00+00:00,2024-06-17
SAND-USDT-SWAP,SWAP,-4.48254383992e-05,0.0001784873315659,2024-06-17 16:00:00+00:00,2024-06-17
SAND-USDT-SWAP,SWAP,3.58087651984e-05,7.35961191987e-05,2024-06-17 00:00:00+00:00,2024-06-17
SAND-USDT-SWAP,SWAP,7.36013797949e-05,-4.53712964254e-05,2024-06-17 08:00:00+00:00,2024-06-17
SATS-USDT-SWAP,SWAP,8.27369154248e-05,0.0001554354103621,2024-06-17 00:00:00+00:00,2024-06-17
SATS-USDT-SWAP,SWAP,0.0001539191590066,2.60090923582e-05,2024-06-17 08:00:00+00:00,2024-06-17
SATS-USDT-SWAP,SWAP,2.80087964346e-05,0.0001010317631664,2024-06-17 16:00:00+00:00,2024-06-17
SHIB-USDT-SWAP,SWAP,4.92701870433e-05,-4.444780906e-05,2024-06-17 08:00:00+00:00,2024-06-17
SHIB-USDT-SWAP,SWAP,4.1898619778e-05,4.99735658825e-05,2024-06-17 00:00:00+00:00,2024-06-17
SHIB-USDT-SWAP,SWAP,-4.47959857255e-05,9.35560658693e-05,2024-06-17 16:00:00+00:00,2024-06-17
SLP-USDT-SWAP,SWAP,7.78178421098e-05,0.0003615183226733,2024-06-17 08:00:00+00:00,2024-06-17
SLP-USDT-SWAP,SWAP,0.0003649294294267,-7.2333876589e-06,2024-06-17 16:00:00+00:00,2024-06-17
SLP-USDT-SWAP,SWAP,0.0001270344669795,7.72354672528e-05,2024-06-17 00:00:00+00:00,2024-06-17
SNX-USDT-SWAP,SWAP,6.54651375304e-05,0.0001824915354691,2024-06-17 08:00:00+00:00,2024-06-17
SNX-USDT-SWAP,SWAP,0.0001815469249136,4.85044389311e-05,2024-06-17 16:00:00+00:00,2024-06-17
SNX-USDT-SWAP,SWAP,0.0001275518450199,6.54696634312e-05,2024-06-17 00:00:00+00:00,2024-06-17
SOL-USD-SWAP,SWAP,9.60996287827e-05,3.31478011042e-05,2024-06-17 08:00:00+00:00,2024-06-17
SOL-USD-SWAP,SWAP,3.32205230969e-05,2.8262041278e-05,2024-06-17 16:00:00+00:00,2024-06-17
SOL-USD-SWAP,SWAP,0.0001315327741531,9.62379947947e-05,2024-06-17 00:00:00+00:00,2024-06-17
SOL-USDT-SWAP,SWAP,7.41176368002e-05,3.9154892842e-05,2024-06-17 00:00:00+00:00,2024-06-17
SOL-USDT-SWAP,SWAP,6.31573773194e-05,7.78103655804e-05,2024-06-17 16:00:00+00:00,2024-06-17
SOL-USDT-SWAP,SWAP,3.91614095399e-05,6.36905744778e-05,2024-06-17 08:00:00+00:00,2024-06-17
SPELL-USDT-SWAP,SWAP,-0.000117350509036,-4.68256974356e-05,2024-06-17 00:00:00+00:00,2024-06-17
SPELL-USDT-SWAP,SWAP,-5.594187333e-05,2.96746742407e-05,2024-06-17 16:00:00+00:00,2024-06-17
SPELL-USDT-SWAP,SWAP,-4.83371167243e-05,-5.91722504492e-05,2024-06-17 08:00:00+00:00,2024-06-17
SSV-USDT-SWAP,SWAP,6.12606400009e-05,6.99030185899e-05,2024-06-17 00:00:00+00:00,2024-06-17
SSV-USDT-SWAP,SWAP,7.06698827325e-05,-3.80019976107e-05,2024-06-17 08:00:00+00:00,2024-06-17
SSV-USDT-SWAP,SWAP,-3.87340191615e-05,0.0002097474634776,2024-06-17 16:00:00+00:00,2024-06-17
STORJ-USDT-SWAP,SWAP,0.0001000112481491,-0.0001343923917036,2024-06-17 00:00:00+00:00,2024-06-17
STORJ-USDT-SWAP,SWAP,-0.0001343932379085,9.18772326801e-05,2024-06-17 08:00:00+00:00,2024-06-17
STORJ-USDT-SWAP,SWAP,9.18789592285e-05,0.0001411944197257,2024-06-17 16:00:00+00:00,2024-06-17
STRK-USDT-SWAP,SWAP,8.9123051536e-06,8.73471767121e-05,2024-06-17 16:00:00+00:00,2024-06-17
STRK-USDT-SWAP,SWAP,8.24882958081e-05,2.44309882467e-05,2024-06-17 00:00:00+00:00,2024-06-17
STRK-USDT-SWAP,SWAP,2.56532460282e-05,8.2438574188e-06,2024-06-17 08:00:00+00:00,2024-06-17
STX-USDT-SWAP,SWAP,9.54714184399e-05,-0.000226789524503,2024-06-17 00:00:00+00:00,2024-06-17
STX-USDT-SWAP,SWAP,4.71717168381e-05,0.0001094191226808,2024-06-17 16:00:00+00:00,2024-06-17
STX-USDT-SWAP,SWAP,-0.0002265719995447,4.72770419724e-05,2024-06-17 08:00:00+00:00,2024-06-17
SUI-USDT-SWAP,SWAP,-7.64548291993e-05,-8.18403464795e-05,2024-06-17 00:00:00+00:00,2024-06-17
SUI-USDT-SWAP,SWAP,-8.07430198164e-05,0.000110902444859,2024-06-17 08:00:00+00:00,2024-06-17
SUI-USDT-SWAP,SWAP,0.0001111305123602,4.81756765026e-05,2024-06-17 16:00:00+00:00,2024-06-17
SUSHI-USD-SWAP,SWAP,-1.827114198e-05,4.3262864391e-06,2024-06-17 00:00:00+00:00,2024-06-17
SUSHI-USD-SWAP,SWAP,2.7921201441e-06,7.04911500131e-05,2024-06-17 08:00:00+00:00,2024-06-17
SUSHI-USD-SWAP,SWAP,7.21376610013e-05,1.04007965068e-05,2024-06-17 16:00:00+00:00,2024-06-17
SUSHI-USDT-SWAP,SWAP,-0.0001824084950744,0.0001946965411247,2024-06-17 16:00:00+00:00,2024-06-17
SUSHI-USDT-SWAP,SWAP,-5.57247804076e-05,-0.0001839432384217,2024-06-17 08:00:00+00:00,2024-06-17
SUSHI-USDT-SWAP,SWAP,-0.0001072416196081,-5.46280723358e-05,2024-06-17 00:00:00+00:00,2024-06-17
SWEAT-USDT-SWAP,SWAP,0.0001829672192411,-2.91601014415e-05,2024-06-17 08:00:00+00:00,2024-06-17
SWEAT-USDT-SWAP,SWAP,-3.01924255979e-05,0.0003263616493178,2024-06-17 16:00:00+00:00,2024-06-17
SWEAT-USDT-SWAP,SWAP,-0.0003293578889268,0.0001807304821595,2024-06-17 00:00:00+00:00,2024-06-17
T-USDT-SWAP,SWAP,-3.4977768891e-05,0.0002768125446143,2024-06-17 00:00:00+00:00,2024-06-17
T-USDT-SWAP,SWAP,0.0002813560427526,-0.0001231943352936,2024-06-17 08:00:00+00:00,2024-06-17
T-USDT-SWAP,SWAP,-0.0001269712312426,-0.0001044329249234,2024-06-17 16:00:00+00:00,2024-06-17
THETA-USD-SWAP,SWAP,0.0002144789669072,0.0001302231735797,2024-06-17 16:00:00+00:00,2024-06-17
THETA-USD-SWAP,SWAP,4.85868845327e-05,-6.5497451533e-06,2024-06-17 00:00:00+00:00,2024-06-17
THETA-USD-SWAP,SWAP,-7.5836885593e-06,0.0002136161124426,2024-06-17 08:00:00+00:00,2024-06-17
THETA-USDT-SWAP,SWAP,-0.0001047425104261,-2.40411864296e-05,2024-06-17 08:00:00+00:00,2024-06-17
THETA-USDT-SWAP,SWAP,-2.27498416816e-05,0.0001368495716418,2024-06-17 16:00:00+00:00,2024-06-17
THETA-USDT-SWAP,SWAP,-5.11421934247e-05,-0.0001032820398361,2024-06-17 00:00:00+00:00,2024-06-17
TIA-USDT-SWAP,SWAP,6.5960397038e-05,-9.2492671674e-06,2024-06-17 00:00:00+00:00,2024-06-17
TIA-USDT-SWAP,SWAP,-9.7810250481e-06,-0.0001493940582901,2024-06-17 08:00:00+00:00,2024-06-17
TIA-USDT-SWAP,SWAP,-0.0001505280097536,8.46838513871e-05,2024-06-17 16:00:00+00:00,2024-06-17
TNSR-USDT-SWAP,SWAP,-0.000180056964915,-2.11289235273e-05,2024-06-17 00:00:00+00:00,2024-06-17
TNSR-USDT-SWAP,SWAP,-2.36269574488e-05,4.57309076172e-05,2024-06-17 08:00:00+00:00,2024-06-17
TNSR-USDT-SWAP,SWAP,4.82395902873e-05,9.59611201707e-05,2024-06-17 16:00:00+00:00,2024-06-17
TON-USDT-SWAP,SWAP,-7.6507966524e-06,-0.0001652245933414,2024-06-17 16:00:00+00:00,2024-06-17
TON-USDT-SWAP,SWAP,-7.36691621257e-05,-0.0001341468252128,2024-06-17 00:00:00+00:00,2024-06-17
TON-USDT-SWAP,SWAP,-0.0001336160228638,-7.3892011637e-06,2024-06-17 08:00:00+00:00,2024-06-17
TRB-USDT-SWAP,SWAP,1.46228803301e-05,4.85955622042e-05,2024-06-17 08:00:00+00:00,2024-06-17
TRB-USDT-SWAP,SWAP,5.20583008463e-05,1.35933587164e-05,2024-06-17 00:00:00+00:00,2024-06-17
TRB-USDT-SWAP,SWAP,4.9174104466e-05,0.0001254385597776,2024-06-17 16:00:00+00:00,2024-06-17
TRX-USD-SWAP,SWAP,-9.40297244807e-05,-0.0002321630083738,2024-06-17 00:00:00+00:00,2024-06-17
TRX-USD-SWAP,SWAP,0.0001270162173228,7.93014615e-08,2024-06-17 16:00:00+00:00,2024-06-17
TRX-USD-SWAP,SWAP,-0.0002339657707053,0.0001222010985619,2024-06-17 08:00:00+00:00,2024-06-17
TRX-USDT-SWAP,SWAP,-7.00632876189e-05,9.47778489303e-05,2024-06-17 08:00:00+00:00,2024-06-17
TRX-USDT-SWAP,SWAP,9.53100834285e-05,0.0001310142197174,2024-06-17 16:00:00+00:00,2024-06-17
TRX-USDT-SWAP,SWAP,-5.5980927246e-05,-6.98822640598e-05,2024-06-17 00:00:00+00:00,2024-06-17
TURBO-USDT-SWAP,SWAP,-9.09408436707e-05,0.0001332790338794,2024-06-17 16:00:00+00:00,2024-06-17
TURBO-USDT-SWAP,SWAP,5.4021785329e-05,-2.1733661708e-05,2024-06-17 00:00:00+00:00,2024-06-17
TURBO-USDT-SWAP,SWAP,-2.1897200512e-05,-8.92963829212e-05,2024-06-17 08:00:00+00:00,2024-06-17
ULTI-USDT-SWAP,SWAP,0.0003409832263708,0.0001343434569295,2024-06-17 00:00:00+00:00,2024-06-17
ULTI-USDT-SWAP,SWAP,0.0004078955180925,0.0005962257448009,2024-06-17 16:00:00+00:00,2024-06-17
ULTI-USDT-SWAP,SWAP,0.0001381260305044,0.0004126255340159,2024-06-17 08:00:00+00:00,2024-06-17
UMA-USDT-SWAP,SWAP,-0.0001356932761212,-0.0001088112400667,2024-06-17 00:00:00+00:00,2024-06-17
UMA-USDT-SWAP,SWAP,-0.0001067214552499,0.0001619779535588,2024-06-17 08:00:00+00:00,2024-06-17
UMA-USDT-SWAP,SWAP,0.0001619752445493,0.000143740412937,2024-06-17 16:00:00+00:00,2024-06-17
UNI-USD-SWAP,SWAP,2.81898214318e-05,2.99000784418e-05,2024-06-17 16:00:00+00:00,2024-06-17
UNI-USD-SWAP,SWAP,-8.6601551622e-06,0.0001385696315484,2024-06-17 00:00:00+00:00,2024-06-17
UNI-USD-SWAP,SWAP,0.0001369352885761,2.90710363021e-05,2024-06-17 08:00:00+00:00,2024-06-17
UNI-USDT-SWAP,SWAP,0.0001077164293146,-5.26225793123e-05,2024-06-17 08:00:00+00:00,2024-06-17
UNI-USDT-SWAP,SWAP,6.93259650872e-05,0.0001084370478208,2024-06-17 00:00:00+00:00,2024-06-17
UNI-USDT-SWAP,SWAP,-5.24676079288e-05,2.94835699696e-05,2024-06-17 16:00:00+00:00,2024-06-17
USDC-USDT-SWAP,SWAP,1.70780824101e-05,7.14190114034e-05,2024-06-17 16:00:00+00:00,2024-06-17
USDC-USDT-SWAP,SWAP,-3.93508168857e-05,1.83234738714e-05,2024-06-17 00:00:00+00:00,2024-06-17
USDC-USDT-SWAP,SWAP,1.8739890688e-05,1.72863012215e-05,2024-06-17 08:00:00+00:00,2024-06-17
USTC-USDT-SWAP,SWAP,5.02559261644e-05,-1.03108837001e-05,2024-06-17 16:00:00+00:00,2024-06-17
USTC-USDT-SWAP,SWAP,-6.80666244779e-05,-1.31696480113e-05,2024-06-17 00:00:00+00:00,2024-06-17
USTC-USDT-SWAP,SWAP,-1.52046944554e-05,5.21811007225e-05,2024-06-17 08:00:00+00:00,2024-06-17
VELO-USDT-SWAP,SWAP,0.0001665557243917,3.10056120433e-05,2024-06-17 08:00:00+00:00,2024-06-17
VELO-USDT-SWAP,SWAP,0.000104072132012,0.0001648191931136,2024-06-17 00:00:00+00:00,2024-06-17
VELO-USDT-SWAP,SWAP,3.07246383104e-05,-0.0001209137268766,2024-06-17 16:00:00+00:00,2024-06-17
VENOM-USDT-SWAP,SWAP,0.0001720299105151,0.0003167920450382,2024-06-17 00:00:00+00:00,2024-06-17
VENOM-USDT-SWAP,SWAP,0.0003168013034876,2.75112876597e-05,2024-06-17 08:00:00+00:00,2024-06-17
VENOM-USDT-SWAP,SWAP,2.97314326823e-05,0.0001662665191074,2024-06-17 16:00:00+00:00,2024-06-17
VRA-USDT-SWAP,SWAP,1.20509111046e-05,5.02962978971e-05,2024-06-17 08:00:00+00:00,2024-06-17
VRA-USDT-SWAP,SWAP,4.91566393477e-05,4.04381280301e-05,2024-06-17 16:00:00+00:00,2024-06-17
VRA-USDT-SWAP,SWAP,9.0902803062e-06,1.31917618174e-05,2024-06-17 00:00:00+00:00,2024-06-17
W-USDT-SWAP,SWAP,-3.95838114677e-05,5.43059819191e-05,2024-06-17 16:00:00+00:00,2024-06-17
W-USDT-SWAP,SWAP,-1.5901882901e-06,-8.1260923528e-06,2024-06-17 00:00:00+00:00,2024-06-17
W-USDT-SWAP,SWAP,-7.6770638767e-06,-3.68175705252e-05,2024-06-17 08:00:00+00:00,2024-06-17
WAXP-USDT-SWAP,SWAP,0.0002289066365276,0.000144777553108,2024-06-17 00:00:00+00:00,2024-06-17
WAXP-USDT-SWAP,SWAP,0.0001409238717751,-1.94671663246e-05,2024-06-17 08:00:00+00:00,2024-06-17
WAXP-USDT-SWAP,SWAP,-1.51665535348e-05,1.38211796858e-05,2024-06-17 16:00:00+00:00,2024-06-17
WIF-USDT-SWAP,SWAP,0.0001069623749977,7.04531269362e-05,2024-06-17 00:00:00+00:00,2024-06-17
WIF-USDT-SWAP,SWAP,7.04611061214e-05,-6.45630978209e-05,2024-06-17 08:00:00+00:00,2024-06-17
WIF-USDT-SWAP,SWAP,-6.45589163239e-05,0.0001504353821696,2024-06-17 16:00:00+00:00,2024-06-17
WLD-USDT-SWAP,SWAP,1.665829288e-06,0.0001100819486691,2024-06-17 16:00:00+00:00,2024-06-17
WLD-USDT-SWAP,SWAP,9.00297940848e-05,2.19114035599e-05,2024-06-17 00:00:00+00:00,2024-06-17
WLD-USDT-SWAP,SWAP,2.06868856717e-05,1.0635529841e-06,2024-06-17 08:00:00+00:00,2024-06-17
WOO-USDT-SWAP,SWAP,-9.6535991352e-05,-0.0001558028513076,2024-06-17 08:00:00+00:00,2024-06-17
WOO-USDT-SWAP,SWAP,-0.0001541448117503,0.0001284451918427,2024-06-17 16:00:00+00:00,2024-06-17
WOO-USDT-SWAP,SWAP,-0.0001159885044834,-9.57218651739e-05,2024-06-17 00:00:00+00:00,2024-06-17
XCH-USDT-SWAP,SWAP,4.81950605109e-05,-1.35018013109e-05,2024-06-17 16:00:00+00:00,2024-06-17
XCH-USDT-SWAP,SWAP,0.0002313227731644,-3.30471456939e-05,2024-06-17 00:00:00+00:00,2024-06-17
XCH-USDT-SWAP,SWAP,-3.53632759373e-05,4.74281651061e-05,2024-06-17 08:00:00+00:00,2024-06-17
XLM-USD-SWAP,SWAP,-5.14074022642e-05,0.0002081046297886,2024-06-17 08:00:00+00:00,2024-06-17
XLM-USD-SWAP,SWAP,6.26746113758e-05,-5.1398742861e-05,2024-06-17 00:00:00+00:00,2024-06-17
XLM-USD-SWAP,SWAP,0.00020809928873,0.0002777692977705,2024-06-17 16:00:00+00:00,2024-06-17
XLM-USDT-SWAP,SWAP,5.97899852602e-05,-7.57819220286e-05,2024-06-17 00:00:00+00:00,2024-06-17
XLM-USDT-SWAP,SWAP,-7.36603661218e-05,2.5304081601e-06,2024-06-17 08:00:00+00:00,2024-06-17
XLM-USDT-SWAP,SWAP,4.228242865e-07,3.91055088922e-05,2024-06-17 16:00:00+00:00,2024-06-17
XRP-USD-SWAP,SWAP,7.78053699089e-05,8.9121991354e-05,2024-06-17 00:00:00+00:00,2024-06-17
XRP-USD-SWAP,SWAP,8.95456850232e-05,9.14363382609e-05,2024-06-17 08:00:00+00:00,2024-06-17
XRP-USD-SWAP,SWAP,9.0586299789e-05,4.57129707934e-05,2024-06-17 16:00:00+00:00,2024-06-17
XRP-USDT-SWAP,SWAP,-4.29872916692e-05,-4.55336631541e-05,2024-06-17 08:00:00+00:00,2024-06-17
XRP-USDT-SWAP,SWAP,-4.59588346564e-05,-3.22778880491e-05,2024-06-17 16:00:00+00:00,2024-06-17
XRP-USDT-SWAP,SWAP,8.0017266114e-05,-4.29862927966e-05,2024-06-17 00:00:00+00:00,2024-06-17
XTZ-USDT-SWAP,SWAP,-4.75664421195e-05,-0.0001736967702061,2024-06-17 08:00:00+00:00,2024-06-17
XTZ-USDT-SWAP,SWAP,-0.0001747167620461,-4.26480214381e-05,2024-06-17 16:00:00+00:00,2024-06-17
XTZ-USDT-SWAP,SWAP,1.75586184197e-05,-4.75661292386e-05,2024-06-17 00:00:00+00:00,2024-06-17
YFI-USD-SWAP,SWAP,0.0002079255964152,0.0001675519878188,2024-06-17 08:00:00+00:00,2024-06-17
YFI-USD-SWAP,SWAP,-4.59434725522e-05,0.0002072600217226,2024-06-17 00:00:00+00:00,2024-06-17
YFI-USD-SWAP,SWAP,0.0001678908837248,0.000253600954139,2024-06-17 16:00:00+00:00,2024-06-17
YFI-USDT-SWAP,SWAP,5.47223460998e-05,-0.0001737715164407,2024-06-17 08:00:00+00:00,2024-06-17
YFI-USDT-SWAP,SWAP,-0.0002054820034811,5.23921549769e-05,2024-06-17 00:00:00+00:00,2024-06-17
YFI-USDT-SWAP,SWAP,-0.000175105071348,-2.1197944776e-06,2024-06-17 16:00:00+00:00,2024-06-17
YGG-USDT-SWAP,SWAP,-2.09252445469e-05,-4.3991769994e-06,2024-06-17 16:00:00+00:00,2024-06-17
YGG-USDT-SWAP,SWAP,-6.522977727e-07,-2.10529435475e-05,2024-06-17 08:00:00+00:00,2024-06-17
YGG-USDT-SWAP,SWAP,-7.6982406498e-06,1.4010596082e-06,2024-06-17 00:00:00+00:00,2024-06-17
ZENT-USDT-SWAP,SWAP,0.0001067120383724,0.0002542910889689,2024-06-17 00:00:00+00:00,2024-06-17
ZENT-USDT-SWAP,SWAP,0.0002563549083885,0.0001216798895685,2024-06-17 08:00:00+00:00,2024-06-17
ZENT-USDT-SWAP,SWAP,0.0001189165963505,0.0002597911567636,2024-06-17 16:00:00+00:00,2024-06-17
ZERO-USDT-SWAP,SWAP,0.0001586419764993,-1.86715962225e-05,2024-06-17 00:00:00+00:00,2024-06-17
ZERO-USDT-SWAP,SWAP,-1.86742737369e-05,-0.0002914882621187,2024-06-17 08:00:00+00:00,2024-06-17
ZERO-USDT-SWAP,SWAP,-0.0002933248116978,-0.0005026924332477,2024-06-17 16:00:00+00:00,2024-06-17
ZETA-USDT-SWAP,SWAP,-0.0001951420681847,0.0001690838707059,2024-06-17 16:00:00+00:00,2024-06-17
ZETA-USDT-SWAP,SWAP,1.888628027e-05,-9.69737696526e-05,2024-06-17 00:00:00+00:00,2024-06-17
ZETA-USDT-SWAP,SWAP,-9.78519957132e-05,-0.0001976372523439,2024-06-17 08:00:00+00:00,2024-06-17
ZEUS-USDT-SWAP,SWAP,-2.96043947754e-05,-0.0002225524577979,2024-06-17 08:00:00+00:00,2024-06-17
ZEUS-USDT-SWAP,SWAP,-0.0002225517603985,3.76221980369e-05,2024-06-17 16:00:00+00:00,2024-06-17
ZEUS-USDT-SWAP,SWAP,6.9616429729e-05,-2.66841572402e-05,2024-06-17 00:00:00+00:00,2024-06-17
ZIL-USDT-SWAP,SWAP,9.42060576553e-05,-0.0001829315170987,2024-06-17 08:00:00+00:00,2024-06-17
ZIL-USDT-SWAP,SWAP,4.28199308262e-05,9.63243690789e-05,2024-06-17 00:00:00+00:00,2024-06-17
ZIL-USDT-SWAP,SWAP,-0.0001808164562404,6.25674025896e-05,2024-06-17 16:00:00+00:00,2024-06-17
ZRX-USDT-SWAP,SWAP,0.0001183176045959,-5.6676650128e-06,2024-06-17 08:00:00+00:00,2024-06-17
ZRX-USDT-SWAP,SWAP,-3.9037064997e-06,0.0001736130719546,2024-06-17 16:00:00+00:00,2024-06-17
ZRX-USDT-SWAP,SWAP,5.40565707632e-05,0.0001200950854546,2024-06-17 00:00:00+00:00,2024-06-17
