timestamp,apy_decimal,apr_decimal,apy_percent,apr_percent,protocol,symbol,source,methodology,date,hour,processed_date
2024-02-16 00:00:00,0.24710000000000001,0.22088766647247238,24.71,22.088766647247237,ethena,sUSDE,defillama_manual_csv,apy_converted_to_apr_for_consistency,2024-02-16,0,2025-09-29T11:39:57.009508
2024-02-16 01:00:00,0.24693333333333334,0.2207537278826925,24.693333333333335,22.07537278826925,ethena,sUSDE,defillama_manual_csv,apy_converted_to_apr_for_consistency,2024-02-16,1,2025-09-29T11:39:57.009508
2024-02-16 02:00:00,0.2467666666666667,0.22061978929291265,24.676666666666666,22.061978929291264,ethena,sUSDE,defillama_manual_csv,apy_converted_to_apr_for_consistency,2024-02-16,2,2025-09-29T11:39:57.009508
2024-02-16 03:00:00,0.2466,0.22048585070313279,24.66,22.048585070313276,ethena,sUSDE,defillama_manual_csv,apy_converted_to_apr_for_consistency,2024-02-16,3,2025-09-29T11:39:57.009508
2024-02-16 04:00:00,0.24643333333333334,0.22035191211335292,24.643333333333334,22.03519121133529,ethena,sUSDE,defillama_manual_csv,apy_converted_to_apr_for_consistency,2024-02-16,4,2025-09-29T11:39:57.009508
2024-02-16 05:00:00,0.24626666666666666,0.22021797352357306,24.62666666666667,22.021797352357304,ethena,sUSDE,defillama_manual_csv,apy_converted_to_apr_for_consistency,2024-02-16,5,2025-09-29T11:39:57.009508
2024-02-16 06:00:00,0.2461,0.2200840349337932,24.61,22.00840349337932,ethena,sUSDE,defillama_manual_csv,apy_converted_to_apr_for_consistency,2024-02-16,6,2025-09-29T11:39:57.009508
2024-02-16 07:00:00,0.24593333333333334,0.21995009634401333,24.593333333333334,21.99500963440133,ethena,sUSDE,defillama_manual_csv,apy_converted_to_apr_for_consistency,2024-02-16,7,2025-09-29T11:39:57.009508
2024-02-16 08:00:00,0.24576666666666666,0.21981615775423347,24.576666666666668,21.981615775423347,ethena,sUSDE,defillama_manual_csv,apy_converted_to_apr_for_consistency,2024-02-16,8,2025-09-29T11:39:57.009508
2024-02-16 09:00:00,0.2456,0.2196822191644536,24.56,21.96822191644536,ethena,sUSDE,defillama_manual_csv,apy_converted_to_apr_for_consistency,2024-02-16,9,2025-09-29T11:39:57.009508
2024-02-16 10:00:00,0.24543333333333334,0.21954828057467374,24.543333333333333,21.954828057467374,ethena,sUSDE,defillama_manual_csv,apy_converted_to_apr_for_consistency,2024-02-16,10,2025-09-29T11:39:57.009508
2024-02-16 11:00:00,0.24526666666666666,0.21941434198489387,24.526666666666667,21.941434198489386,ethena,sUSDE,defillama_manual_csv,apy_converted_to_apr_for_consistency,2024-02-16,11,2025-09-29T11:39:57.009508
2024-02-16 12:00:00,0.24509999999999998,0.219280403395114,24.509999999999998,21.928040339511398,ethena,sUSDE,defillama_manual_csv,apy_converted_to_apr_for_consistency,2024-02-16,12,2025-09-29T11:39:57.009508
2024-02-16 13:00:00,0.24493333333333334,0.21914646480533415,24.493333333333332,21.914646480533413,ethena,sUSDE,defillama_manual_csv,apy_converted_to_apr_for_consistency,2024-02-16,13,2025-09-29T11:39:57.009508
2024-02-16 14:00:00,0.24476666666666666,0.21901252621555428,24.476666666666667,21.901252621555425,ethena,sUSDE,defillama_manual_csv,apy_converted_to_apr_for_consistency,2024-02-16,14,2025-09-29T11:39:57.009508
2024-02-16 15:00:00,0.24459999999999998,0.21887858762577442,24.46,21.88785876257744,ethena,sUSDE,defillama_manual_csv,apy_converted_to_apr_for_consistency,2024-02-16,15,2025-09-29T11:39:57.009508
2024-02-16 16:00:00,0.24443333333333334,0.21874464903599455,24.44333333333333,21.874464903599453,ethena,sUSDE,defillama_manual_csv,apy_converted_to_apr_for_consistency,2024-02-16,16,2025-09-29T11:39:57.009508
2024-02-16 17:00:00,0.24426666666666666,0.2186107104462147,24.426666666666666,21.861071044621468,ethena,sUSDE,defillama_manual_csv,apy_converted_to_apr_for_consistency,2024-02-16,17,2025-09-29T11:39:57.009508
2024-02-16 18:00:00,0.24409999999999998,0.21847677185643483,24.41,21.84767718564348,ethena,sUSDE,defillama_manual_csv,apy_converted_to_apr_for_consistency,2024-02-16,18,2025-09-29T11:39:57.009508
2024-02-16 19:00:00,0.24393333333333334,0.21834283326665496,24.39333333333333,21.834283326665496,ethena,sUSDE,defillama_manual_csv,apy_converted_to_apr_for_consistency,2024-02-16,19,2025-09-29T11:39:57.009508
2024-02-16 20:00:00,0.24376666666666666,0.2182088946768751,24.376666666666665,21.820889467687508,ethena,sUSDE,defillama_manual_csv,apy_converted_to_apr_for_consistency,2024-02-16,20,2025-09-29T11:39:57.009508
2024-02-16 21:00:00,0.24359999999999998,0.21807495608709523,24.36,21.807495608709523,ethena,sUSDE,defillama_manual_csv,apy_converted_to_apr_for_consistency,2024-02-16,21,2025-09-29T11:39:57.009508
2024-02-16 22:00:00,0.2434333333333333,0.21794101749731537,24.343333333333334,21.794101749731535,ethena,sUSDE,defillama_manual_csv,apy_converted_to_apr_for_consistency,2024-02-16,22,2025-09-29T11:39:57.009508
2024-02-16 23:00:00,0.24326666666666666,0.2178070789075355,24.326666666666664,21.78070789075355,ethena,sUSDE,defillama_manual_csv,apy_converted_to_apr_for_consistency,2024-02-16,23,2025-09-29T11:39:57.009508
2024-02-17 00:00:00,0.24309999999999998,0.21767314031775564,24.31,21.767314031775562,ethena,sUSDE,defillama_manual_csv,apy_converted_to_apr_for_consistency,2024-02-17,0,2025-09-29T11:39:57.009508
2024-02-17 01:00:00,0.24302083333333332,0.2176093688502661,24.302083333333332,21.76093688502661,ethena,sUSDE,defillama_manual_csv,apy_converted_to_apr_for_consistency,2024-02-17,1,2025-09-29T11:39:57.009508
2024-02-17 02:00:00,0.24294166666666664,0.2175455973827766,24.294166666666666,21.754559738277656,ethena,sUSDE,defillama_manual_csv,apy_converted_to_apr_for_consistency,2024-02-17,2,2025-09-29T11:39:57.009508
2024-02-17 03:00:00,0.24286249999999998,0.21748182591528706,24.28625,21.748182591528703,ethena,sUSDE,defillama_manual_csv,apy_converted_to_apr_for_consistency,2024-02-17,3,2025-09-29T11:39:57.009508
2024-02-17 04:00:00,0.24278333333333332,0.21741805444779752,24.278333333333332,21.74180544477975,ethena,sUSDE,defillama_manual_csv,apy_converted_to_apr_for_consistency,2024-02-17,4,2025-09-29T11:39:57.009508
2024-02-17 05:00:00,0.24270416666666667,0.217354282980308,24.270416666666666,21.735428298030797,ethena,sUSDE,defillama_manual_csv,apy_converted_to_apr_for_consistency,2024-02-17,5,2025-09-29T11:39:57.009508
2024-02-17 06:00:00,0.24262499999999998,0.21729051151281847,24.2625,21.729051151281844,ethena,sUSDE,defillama_manual_csv,apy_converted_to_apr_for_consistency,2024-02-17,6,2025-09-29T11:39:57.009508
2024-02-17 07:00:00,0.24254583333333332,0.21722674004532894,24.254583333333333,21.722674004532895,ethena,sUSDE,defillama_manual_csv,apy_converted_to_apr_for_consistency,2024-02-17,7,2025-09-29T11:39:57.009508
2024-02-17 08:00:00,0.24246666666666666,0.21716296857783943,24.246666666666666,21.71629685778394,ethena,sUSDE,defillama_manual_csv,apy_converted_to_apr_for_consistency,2024-02-17,8,2025-09-29T11:39:57.009508
2024-02-17 09:00:00,0.24238749999999998,0.2170991971103499,24.23875,21.70991971103499,ethena,sUSDE,defillama_manual_csv,apy_converted_to_apr_for_consistency,2024-02-17,9,2025-09-29T11:39:57.009508
2024-02-17 10:00:00,0.24230833333333332,0.21703542564286035,24.230833333333333,21.703542564286035,ethena,sUSDE,defillama_manual_csv,apy_converted_to_apr_for_consistency,2024-02-17,10,2025-09-29T11:39:57.009508
2024-02-17 11:00:00,0.24222916666666666,0.21697165417537084,24.222916666666666,21.697165417537082,ethena,sUSDE,defillama_manual_csv,apy_converted_to_apr_for_consistency,2024-02-17,11,2025-09-29T11:39:57.009508
2024-02-17 12:00:00,0.24214999999999998,0.2169078827078813,24.215,21.69078827078813,ethena,sUSDE,defillama_manual_csv,apy_converted_to_apr_for_consistency,2024-02-17,12,2025-09-29T11:39:57.009508
2024-02-17 13:00:00,0.24207083333333332,0.21684411124039177,24.207083333333333,21.684411124039176,ethena,sUSDE,defillama_manual_csv,apy_converted_to_apr_for_consistency,2024-02-17,13,2025-09-29T11:39:57.009508
2024-02-17 14:00:00,0.24199166666666666,0.21678033977290226,24.199166666666667,21.678033977290223,ethena,sUSDE,defillama_manual_csv,apy_converted_to_apr_for_consistency,2024-02-17,14,2025-09-29T11:39:57.009508
2024-02-17 15:00:00,0.2419125,0.21671656830541272,24.19125,21.67165683054127,ethena,sUSDE,defillama_manual_csv,apy_converted_to_apr_for_consistency,2024-02-17,15,2025-09-29T11:39:57.009508
2024-02-17 16:00:00,0.24183333333333332,0.21665279683792318,24.183333333333334,21.665279683792317,ethena,sUSDE,defillama_manual_csv,apy_converted_to_apr_for_consistency,2024-02-17,16,2025-09-29T11:39:57.009508
2024-02-17 17:00:00,0.24175416666666666,0.21658902537043367,24.175416666666667,21.658902537043364,ethena,sUSDE,defillama_manual_csv,apy_converted_to_apr_for_consistency,2024-02-17,17,2025-09-29T11:39:57.009508
2024-02-17 18:00:00,0.241675,0.21652525390294414,24.1675,21.652525390294414,ethena,sUSDE,defillama_manual_csv,apy_converted_to_apr_for_consistency,2024-02-17,18,2025-09-29T11:39:57.009508
2024-02-17 19:00:00,0.24159583333333332,0.2164614824354546,24.159583333333334,21.64614824354546,ethena,sUSDE,defillama_manual_csv,apy_converted_to_apr_for_consistency,2024-02-17,19,2025-09-29T11:39:57.009508
2024-02-17 20:00:00,0.24151666666666666,0.2163977109679651,24.151666666666667,21.63977109679651,ethena,sUSDE,defillama_manual_csv,apy_converted_to_apr_for_consistency,2024-02-17,20,2025-09-29T11:39:57.009508
2024-02-17 21:00:00,0.2414375,0.21633393950047555,24.14375,21.633393950047555,ethena,sUSDE,defillama_manual_csv,apy_converted_to_apr_for_consistency,2024-02-17,21,2025-09-29T11:39:57.009508
2024-02-17 22:00:00,0.24135833333333334,0.21627016803298602,24.135833333333334,21.627016803298602,ethena,sUSDE,defillama_manual_csv,apy_converted_to_apr_for_consistency,2024-02-17,22,2025-09-29T11:39:57.009508
2024-02-17 23:00:00,0.24127916666666666,0.2162063965654965,24.127916666666668,21.62063965654965,ethena,sUSDE,defillama_manual_csv,apy_converted_to_apr_for_consistency,2024-02-17,23,2025-09-29T11:39:57.009508
2024-02-18 00:00:00,0.2412,0.21614262509800697,24.12,21.614262509800696,ethena,sUSDE,defillama_manual_csv,apy_converted_to_apr_for_consistency,2024-02-18,0,2025-09-29T11:39:57.009508
2024-02-18 01:00:00,0.23985,0.2150399073513006,23.985,21.50399073513006,ethena,sUSDE,defillama_manual_csv,apy_converted_to_apr_for_consistency,2024-02-18,1,2025-09-29T11:39:57.009508
2024-02-18 02:00:00,0.2385,0.2139371896045942,23.85,21.39371896045942,ethena,sUSDE,defillama_manual_csv,apy_converted_to_apr_for_consistency,2024-02-18,2,2025-09-29T11:39:57.009508
2024-02-18 03:00:00,0.23715,0.21283447185788784,23.715,21.283447185788784,ethena,sUSDE,defillama_manual_csv,apy_converted_to_apr_for_consistency,2024-02-18,3,2025-09-29T11:39:57.009508
2024-02-18 04:00:00,0.2358,0.21173175411118147,23.580000000000002,21.173175411118144,ethena,sUSDE,defillama_manual_csv,apy_converted_to_apr_for_consistency,2024-02-18,4,2025-09-29T11:39:57.009508
2024-02-18 05:00:00,0.23445,0.21062903636447508,23.445,21.06290363644751,ethena,sUSDE,defillama_manual_csv,apy_converted_to_apr_for_consistency,2024-02-18,5,2025-09-29T11:39:57.009508
2024-02-18 06:00:00,0.2331,0.20952631861776871,23.310000000000002,20.952631861776872,ethena,sUSDE,defillama_manual_csv,apy_converted_to_apr_for_consistency,2024-02-18,6,2025-09-29T11:39:57.009508
2024-02-18 07:00:00,0.23174999999999998,0.20842360087106235,23.175,20.842360087106233,ethena,sUSDE,defillama_manual_csv,apy_converted_to_apr_for_consistency,2024-02-18,7,2025-09-29T11:39:57.009508
2024-02-18 08:00:00,0.2304,0.20732088312435595,23.04,20.732088312435597,ethena,sUSDE,defillama_manual_csv,apy_converted_to_apr_for_consistency,2024-02-18,8,2025-09-29T11:39:57.009508
2024-02-18 09:00:00,0.22905,0.2062181653776496,22.905,20.621816537764957,ethena,sUSDE,defillama_manual_csv,apy_converted_to_apr_for_consistency,2024-02-18,9,2025-09-29T11:39:57.009508
2024-02-18 10:00:00,0.22769999999999999,0.20511544763094322,22.77,20.51154476309432,ethena,sUSDE,defillama_manual_csv,apy_converted_to_apr_for_consistency,2024-02-18,10,2025-09-29T11:39:57.009508
2024-02-18 11:00:00,0.22635,0.20401272988423683,22.635,20.40127298842368,ethena,sUSDE,defillama_manual_csv,apy_converted_to_apr_for_consistency,2024-02-18,11,2025-09-29T11:39:57.009508
2024-02-18 12:00:00,0.22499999999999998,0.20291001213753046,22.5,20.291001213753045,ethena,sUSDE,defillama_manual_csv,apy_converted_to_apr_for_consistency,2024-02-18,12,2025-09-29T11:39:57.009508
2024-02-18 13:00:00,0.22365,0.2018072943908241,22.365,20.18072943908241,ethena,sUSDE,defillama_manual_csv,apy_converted_to_apr_for_consistency,2024-02-18,13,2025-09-29T11:39:57.009508
2024-02-18 14:00:00,0.2223,0.2007045766441177,22.23,20.07045766441177,ethena,sUSDE,defillama_manual_csv,apy_converted_to_apr_for_consistency,2024-02-18,14,2025-09-29T11:39:57.009508
2024-02-18 15:00:00,0.22094999999999998,0.19960185889741133,22.095,19.960185889741133,ethena,sUSDE,defillama_manual_csv,apy_converted_to_apr_for_consistency,2024-02-18,15,2025-09-29T11:39:57.009508
2024-02-18 16:00:00,0.2196,0.19849914115070497,21.96,19.849914115070494,ethena,sUSDE,defillama_manual_csv,apy_converted_to_apr_for_consistency,2024-02-18,16,2025-09-29T11:39:57.009508
2024-02-18 17:00:00,0.21825,0.19739642340399857,21.825,19.739642340399858,ethena,sUSDE,defillama_manual_csv,apy_converted_to_apr_for_consistency,2024-02-18,17,2025-09-29T11:39:57.009508
2024-02-18 18:00:00,0.21689999999999998,0.1962937056572922,21.689999999999998,19.629370565729218,ethena,sUSDE,defillama_manual_csv,apy_converted_to_apr_for_consistency,2024-02-18,18,2025-09-29T11:39:57.009508
2024-02-18 19:00:00,0.21555,0.19519098791058584,21.555,19.519098791058582,ethena,sUSDE,defillama_manual_csv,apy_converted_to_apr_for_consistency,2024-02-18,19,2025-09-29T11:39:57.009508
2024-02-18 20:00:00,0.2142,0.19408827016387944,21.419999999999998,19.408827016387946,ethena,sUSDE,defillama_manual_csv,apy_converted_to_apr_for_consistency,2024-02-18,20,2025-09-29T11:39:57.009508
2024-02-18 21:00:00,0.21284999999999998,0.19298555241717308,21.285,19.298555241717306,ethena,sUSDE,defillama_manual_csv,apy_converted_to_apr_for_consistency,2024-02-18,21,2025-09-29T11:39:57.009508
2024-02-18 22:00:00,0.2115,0.1918828346704667,21.15,19.18828346704667,ethena,sUSDE,defillama_manual_csv,apy_converted_to_apr_for_consistency,2024-02-18,22,2025-09-29T11:39:57.009508
2024-02-18 23:00:00,0.21014999999999998,0.19078011692376032,21.015,19.07801169237603,ethena,sUSDE,defillama_manual_csv,apy_converted_to_apr_for_consistency,2024-02-18,23,2025-09-29T11:39:57.009508
2024-02-19 00:00:00,0.20879999999999999,0.18967739917705395,20.88,18.967739917705394,ethena,sUSDE,defillama_manual_csv,apy_converted_to_apr_for_consistency,2024-02-19,0,2025-09-29T11:39:57.009508
2024-02-19 01:00:00,0.2087875,0.1896670516888519,20.87875,18.966705168885188,ethena,sUSDE,defillama_manual_csv,apy_converted_to_apr_for_consistency,2024-02-19,1,2025-09-29T11:39:57.009508
2024-02-19 02:00:00,0.208775,0.1896567042006498,20.877499999999998,18.96567042006498,ethena,sUSDE,defillama_manual_csv,apy_converted_to_apr_for_consistency,2024-02-19,2,2025-09-29T11:39:57.009508
2024-02-19 03:00:00,0.2087625,0.18964635671244776,20.87625,18.964635671244775,ethena,sUSDE,defillama_manual_csv,apy_converted_to_apr_for_consistency,2024-02-19,3,2025-09-29T11:39:57.009508
2024-02-19 04:00:00,0.20875,0.1896360092242457,20.875,18.96360092242457,ethena,sUSDE,defillama_manual_csv,apy_converted_to_apr_for_consistency,2024-02-19,4,2025-09-29T11:39:57.009508
2024-02-19 05:00:00,0.2087375,0.18962566173604362,20.87375,18.962566173604362,ethena,sUSDE,defillama_manual_csv,apy_converted_to_apr_for_consistency,2024-02-19,5,2025-09-29T11:39:57.009508
2024-02-19 06:00:00,0.208725,0.18961531424784156,20.8725,18.961531424784155,ethena,sUSDE,defillama_manual_csv,apy_converted_to_apr_for_consistency,2024-02-19,6,2025-09-29T11:39:57.009508
2024-02-19 07:00:00,0.2087125,0.1896049667596395,20.87125,18.96049667596395,ethena,sUSDE,defillama_manual_csv,apy_converted_to_apr_for_consistency,2024-02-19,7,2025-09-29T11:39:57.009508
2024-02-19 08:00:00,0.2087,0.18959461927143742,20.87,18.959461927143742,ethena,sUSDE,defillama_manual_csv,apy_converted_to_apr_for_consistency,2024-02-19,8,2025-09-29T11:39:57.009508
2024-02-19 09:00:00,0.2086875,0.18958427178323536,20.86875,18.958427178323536,ethena,sUSDE,defillama_manual_csv,apy_converted_to_apr_for_consistency,2024-02-19,9,2025-09-29T11:39:57.009508
2024-02-19 10:00:00,0.208675,0.1895739242950333,20.8675,18.95739242950333,ethena,sUSDE,defillama_manual_csv,apy_converted_to_apr_for_consistency,2024-02-19,10,2025-09-29T11:39:57.009508
2024-02-19 11:00:00,0.2086625,0.18956357680683122,20.86625,18.956357680683123,ethena,sUSDE,defillama_manual_csv,apy_converted_to_apr_for_consistency,2024-02-19,11,2025-09-29T11:39:57.009508
2024-02-19 12:00:00,0.20865,0.18955322931862917,20.865000000000002,18.955322931862916,ethena,sUSDE,defillama_manual_csv,apy_converted_to_apr_for_consistency,2024-02-19,12,2025-09-29T11:39:57.009508
2024-02-19 13:00:00,0.2086375,0.1895428818304271,20.86375,18.95428818304271,ethena,sUSDE,defillama_manual_csv,apy_converted_to_apr_for_consistency,2024-02-19,13,2025-09-29T11:39:57.009508
2024-02-19 14:00:00,0.208625,0.18953253434222503,20.8625,18.953253434222503,ethena,sUSDE,defillama_manual_csv,apy_converted_to_apr_for_consistency,2024-02-19,14,2025-09-29T11:39:57.009508
2024-02-19 15:00:00,0.2086125,0.18952218685402297,20.861250000000002,18.952218685402297,ethena,sUSDE,defillama_manual_csv,apy_converted_to_apr_for_consistency,2024-02-19,15,2025-09-29T11:39:57.009508
2024-02-19 16:00:00,0.2086,0.18951183936582092,20.86,18.95118393658209,ethena,sUSDE,defillama_manual_csv,apy_converted_to_apr_for_consistency,2024-02-19,16,2025-09-29T11:39:57.009508
2024-02-19 17:00:00,0.2085875,0.18950149187761883,20.85875,18.950149187761884,ethena,sUSDE,defillama_manual_csv,apy_converted_to_apr_for_consistency,2024-02-19,17,2025-09-29T11:39:57.009508
2024-02-19 18:00:00,0.208575,0.18949114438941678,20.8575,18.949114438941677,ethena,sUSDE,defillama_manual_csv,apy_converted_to_apr_for_consistency,2024-02-19,18,2025-09-29T11:39:57.009508
2024-02-19 19:00:00,0.2085625,0.18948079690121472,20.85625,18.94807969012147,ethena,sUSDE,defillama_manual_csv,apy_converted_to_apr_for_consistency,2024-02-19,19,2025-09-29T11:39:57.009508
2024-02-19 20:00:00,0.20855,0.18947044941301264,20.855,18.947044941301264,ethena,sUSDE,defillama_manual_csv,apy_converted_to_apr_for_consistency,2024-02-19,20,2025-09-29T11:39:57.009508
2024-02-19 21:00:00,0.20853750000000001,0.18946010192481058,20.85375,18.946010192481058,ethena,sUSDE,defillama_manual_csv,apy_converted_to_apr_for_consistency,2024-02-19,21,2025-09-29T11:39:57.009508
2024-02-19 22:00:00,0.20852500000000002,0.18944975443660853,20.852500000000003,18.94497544366085,ethena,sUSDE,defillama_manual_csv,apy_converted_to_apr_for_consistency,2024-02-19,22,2025-09-29T11:39:57.009508
2024-02-19 23:00:00,0.20851250000000002,0.18943940694840644,20.85125,18.943940694840645,ethena,sUSDE,defillama_manual_csv,apy_converted_to_apr_for_consistency,2024-02-19,23,2025-09-29T11:39:57.009508
2024-02-20 00:00:00,0.20850000000000002,0.18942905946020439,20.85,18.94290594602044,ethena,sUSDE,defillama_manual_csv,apy_converted_to_apr_for_consistency,2024-02-20,0,2025-09-29T11:39:57.009508
2024-02-20 01:00:00,0.20807916666666668,0.1890791908576863,20.807916666666667,18.90791908576863,ethena,sUSDE,defillama_manual_csv,apy_converted_to_apr_for_consistency,2024-02-20,1,2025-09-29T11:39:57.009508
2024-02-20 02:00:00,0.20765833333333336,0.18872932225516817,20.765833333333333,18.872932225516816,ethena,sUSDE,defillama_manual_csv,apy_converted_to_apr_for_consistency,2024-02-20,2,2025-09-29T11:39:57.009508
2024-02-20 03:00:00,0.20723750000000002,0.18837945365265008,20.723750000000003,18.837945365265007,ethena,sUSDE,defillama_manual_csv,apy_converted_to_apr_for_consistency,2024-02-20,3,2025-09-29T11:39:57.009508
2024-02-20 04:00:00,0.20681666666666668,0.18802958505013198,20.68166666666667,18.802958505013198,ethena,sUSDE,defillama_manual_csv,apy_converted_to_apr_for_consistency,2024-02-20,4,2025-09-29T11:39:57.009508
2024-02-20 05:00:00,0.20639583333333333,0.18767971644761386,20.639583333333334,18.76797164476139,ethena,sUSDE,defillama_manual_csv,apy_converted_to_apr_for_consistency,2024-02-20,5,2025-09-29T11:39:57.009508
2024-02-20 06:00:00,0.20597500000000002,0.18732984784509576,20.5975,18.732984784509576,ethena,sUSDE,defillama_manual_csv,apy_converted_to_apr_for_consistency,2024-02-20,6,2025-09-29T11:39:57.009508
2024-02-20 07:00:00,0.20555416666666668,0.18697997924257767,20.555416666666666,18.697997924257766,ethena,sUSDE,defillama_manual_csv,apy_converted_to_apr_for_consistency,2024-02-20,7,2025-09-29T11:39:57.009508
2024-02-20 08:00:00,0.20513333333333333,0.18663011064005955,20.513333333333335,18.663011064005957,ethena,sUSDE,defillama_manual_csv,apy_converted_to_apr_for_consistency,2024-02-20,8,2025-09-29T11:39:57.009508
2024-02-20 09:00:00,0.20471250000000002,0.18628024203754145,20.47125,18.628024203754144,ethena,sUSDE,defillama_manual_csv,apy_converted_to_apr_for_consistency,2024-02-20,9,2025-09-29T11:39:57.009508
2024-02-20 10:00:00,0.20429166666666668,0.18593037343502336,20.429166666666667,18.593037343502335,ethena,sUSDE,defillama_manual_csv,apy_converted_to_apr_for_consistency,2024-02-20,10,2025-09-29T11:39:57.009508
2024-02-20 11:00:00,0.20387083333333333,0.18558050483250524,20.387083333333333,18.558050483250526,ethena,sUSDE,defillama_manual_csv,apy_converted_to_apr_for_consistency,2024-02-20,11,2025-09-29T11:39:57.009508
2024-02-20 12:00:00,0.20345000000000002,0.18523063622998714,20.345,18.523063622998713,ethena,sUSDE,defillama_manual_csv,apy_converted_to_apr_for_consistency,2024-02-20,12,2025-09-29T11:39:57.009508
2024-02-20 13:00:00,0.20302916666666668,0.18488076762746905,20.30291666666667,18.488076762746903,ethena,sUSDE,defillama_manual_csv,apy_converted_to_apr_for_consistency,2024-02-20,13,2025-09-29T11:39:57.009508
2024-02-20 14:00:00,0.20260833333333333,0.18453089902495093,20.260833333333334,18.453089902495094,ethena,sUSDE,defillama_manual_csv,apy_converted_to_apr_for_consistency,2024-02-20,14,2025-09-29T11:39:57.009508
2024-02-20 15:00:00,0.2021875,0.18418103042243283,20.21875,18.418103042243285,ethena,sUSDE,defillama_manual_csv,apy_converted_to_apr_for_consistency,2024-02-20,15,2025-09-29T11:39:57.009508
2024-02-20 16:00:00,0.20176666666666668,0.18383116181991474,20.176666666666666,18.383116181991472,ethena,sUSDE,defillama_manual_csv,apy_converted_to_apr_for_consistency,2024-02-20,16,2025-09-29T11:39:57.009508
2024-02-20 17:00:00,0.20134583333333333,0.18348129321739662,20.134583333333335,18.348129321739663,ethena,sUSDE,defillama_manual_csv,apy_converted_to_apr_for_consistency,2024-02-20,17,2025-09-29T11:39:57.009508
2024-02-20 18:00:00,0.200925,0.18313142461487852,20.0925,18.313142461487853,ethena,sUSDE,defillama_manual_csv,apy_converted_to_apr_for_consistency,2024-02-20,18,2025-09-29T11:39:57.009508
2024-02-20 19:00:00,0.20050416666666665,0.18278155601236043,20.050416666666667,18.27815560123604,ethena,sUSDE,defillama_manual_csv,apy_converted_to_apr_for_consistency,2024-02-20,19,2025-09-29T11:39:57.009508
2024-02-20 20:00:00,0.20008333333333334,0.1824316874098423,20.008333333333333,18.24316874098423,ethena,sUSDE,defillama_manual_csv,apy_converted_to_apr_for_consistency,2024-02-20,20,2025-09-29T11:39:57.009508
2024-02-20 21:00:00,0.1996625,0.1820818188073242,19.96625,18.208181880732422,ethena,sUSDE,defillama_manual_csv,apy_converted_to_apr_for_consistency,2024-02-20,21,2025-09-29T11:39:57.009508
2024-02-20 22:00:00,0.19924166666666665,0.18173195020480612,19.924166666666668,18.173195020480613,ethena,sUSDE,defillama_manual_csv,apy_converted_to_apr_for_consistency,2024-02-20,22,2025-09-29T11:39:57.009508
2024-02-20 23:00:00,0.19882083333333334,0.181382081602288,19.882083333333334,18.1382081602288,ethena,sUSDE,defillama_manual_csv,apy_converted_to_apr_for_consistency,2024-02-20,23,2025-09-29T11:39:57.009508
2024-02-21 00:00:00,0.1984,0.1810322129997699,19.84,18.10322129997699,ethena,sUSDE,defillama_manual_csv,apy_converted_to_apr_for_consistency,2024-02-21,0,2025-09-29T11:39:57.009508
2024-02-21 01:00:00,0.1984375,0.18106350852426595,19.84375,18.106350852426594,ethena,sUSDE,defillama_manual_csv,apy_converted_to_apr_for_consistency,2024-02-21,1,2025-09-29T11:39:57.009508
2024-02-21 02:00:00,0.19847499999999998,0.181094804048762,19.8475,18.109480404876198,ethena,sUSDE,defillama_manual_csv,apy_converted_to_apr_for_consistency,2024-02-21,2,2025-09-29T11:39:57.009508
2024-02-21 03:00:00,0.19851249999999998,0.18112609957325804,19.85125,18.112609957325805,ethena,sUSDE,defillama_manual_csv,apy_converted_to_apr_for_consistency,2024-02-21,3,2025-09-29T11:39:57.009508
2024-02-21 04:00:00,0.19855,0.18115739509775408,19.855,18.11573950977541,ethena,sUSDE,defillama_manual_csv,apy_converted_to_apr_for_consistency,2024-02-21,4,2025-09-29T11:39:57.009508
2024-02-21 05:00:00,0.1985875,0.18118869062225013,19.85875,18.118869062225013,ethena,sUSDE,defillama_manual_csv,apy_converted_to_apr_for_consistency,2024-02-21,5,2025-09-29T11:39:57.009508
2024-02-21 06:00:00,0.198625,0.18121998614674617,19.8625,18.121998614674617,ethena,sUSDE,defillama_manual_csv,apy_converted_to_apr_for_consistency,2024-02-21,6,2025-09-29T11:39:57.009508
2024-02-21 07:00:00,0.1986625,0.18125128167124221,19.86625,18.12512816712422,ethena,sUSDE,defillama_manual_csv,apy_converted_to_apr_for_consistency,2024-02-21,7,2025-09-29T11:39:57.009508
2024-02-21 08:00:00,0.1987,0.18128257719573826,19.87,18.128257719573828,ethena,sUSDE,defillama_manual_csv,apy_converted_to_apr_for_consistency,2024-02-21,8,2025-09-29T11:39:57.009508
2024-02-21 09:00:00,0.1987375,0.1813138727202343,19.87375,18.13138727202343,ethena,sUSDE,defillama_manual_csv,apy_converted_to_apr_for_consistency,2024-02-21,9,2025-09-29T11:39:57.009508
2024-02-21 10:00:00,0.198775,0.18134516824473035,19.8775,18.134516824473035,ethena,sUSDE,defillama_manual_csv,apy_converted_to_apr_for_consistency,2024-02-21,10,2025-09-29T11:39:57.009508
2024-02-21 11:00:00,0.1988125,0.1813764637692264,19.88125,18.13764637692264,ethena,sUSDE,defillama_manual_csv,apy_converted_to_apr_for_consistency,2024-02-21,11,2025-09-29T11:39:57.009508
2024-02-21 12:00:00,0.19885,0.18140775929372244,19.884999999999998,18.140775929372246,ethena,sUSDE,defillama_manual_csv,apy_converted_to_apr_for_consistency,2024-02-21,12,2025-09-29T11:39:57.009508
2024-02-21 13:00:00,0.1988875,0.18143905481821848,19.888749999999998,18.14390548182185,ethena,sUSDE,defillama_manual_csv,apy_converted_to_apr_for_consistency,2024-02-21,13,2025-09-29T11:39:57.009508
2024-02-21 14:00:00,0.198925,0.18147035034271453,19.8925,18.147035034271454,ethena,sUSDE,defillama_manual_csv,apy_converted_to_apr_for_consistency,2024-02-21,14,2025-09-29T11:39:57.009508
2024-02-21 15:00:00,0.1989625,0.18150164586721057,19.89625,18.150164586721058,ethena,sUSDE,defillama_manual_csv,apy_converted_to_apr_for_consistency,2024-02-21,15,2025-09-29T11:39:57.009508
2024-02-21 16:00:00,0.199,0.18153294139170661,19.9,18.15329413917066,ethena,sUSDE,defillama_manual_csv,apy_converted_to_apr_for_consistency,2024-02-21,16,2025-09-29T11:39:57.009508
2024-02-21 17:00:00,0.1990375,0.18156423691620266,19.90375,18.15642369162027,ethena,sUSDE,defillama_manual_csv,apy_converted_to_apr_for_consistency,2024-02-21,17,2025-09-29T11:39:57.009508
2024-02-21 18:00:00,0.199075,0.1815955324406987,19.9075,18.159553244069873,ethena,sUSDE,defillama_manual_csv,apy_converted_to_apr_for_consistency,2024-02-21,18,2025-09-29T11:39:57.009508
2024-02-21 19:00:00,0.1991125,0.18162682796519475,19.91125,18.162682796519476,ethena,sUSDE,defillama_manual_csv,apy_converted_to_apr_for_consistency,2024-02-21,19,2025-09-29T11:39:57.009508
2024-02-21 20:00:00,0.19915,0.1816581234896908,19.915,18.16581234896908,ethena,sUSDE,defillama_manual_csv,apy_converted_to_apr_for_consistency,2024-02-21,20,2025-09-29T11:39:57.009508
2024-02-21 21:00:00,0.19918750000000002,0.18168941901418684,19.91875,18.168941901418684,ethena,sUSDE,defillama_manual_csv,apy_converted_to_apr_for_consistency,2024-02-21,21,2025-09-29T11:39:57.009508
2024-02-21 22:00:00,0.199225,0.18172071453868288,19.9225,18.17207145386829,ethena,sUSDE,defillama_manual_csv,apy_converted_to_apr_for_consistency,2024-02-21,22,2025-09-29T11:39:57.009508
2024-02-21 23:00:00,0.1992625,0.18175201006317893,19.92625,18.175201006317895,ethena,sUSDE,defillama_manual_csv,apy_converted_to_apr_for_consistency,2024-02-21,23,2025-09-29T11:39:57.009508
2024-02-22 00:00:00,0.1993,0.18178330558767497,19.93,18.1783305587675,ethena,sUSDE,defillama_manual_csv,apy_converted_to_apr_for_consistency,2024-02-22,0,2025-09-29T11:39:57.009508
2024-02-22 01:00:00,0.19925416666666668,0.18174505231920532,19.925416666666667,18.174505231920534,ethena,sUSDE,defillama_manual_csv,apy_converted_to_apr_for_consistency,2024-02-22,1,2025-09-29T11:39:57.009508
2024-02-22 02:00:00,0.19920833333333335,0.18170679905073567,19.920833333333334,18.17067990507357,ethena,sUSDE,defillama_manual_csv,apy_converted_to_apr_for_consistency,2024-02-22,2,2025-09-29T11:39:57.009508
2024-02-22 03:00:00,0.19916250000000002,0.18166854578226602,19.916249999999998,18.166854578226605,ethena,sUSDE,defillama_manual_csv,apy_converted_to_apr_for_consistency,2024-02-22,3,2025-09-29T11:39:57.009508
2024-02-22 04:00:00,0.19911666666666666,0.18163029251379637,19.911666666666665,18.163029251379637,ethena,sUSDE,defillama_manual_csv,apy_converted_to_apr_for_consistency,2024-02-22,4,2025-09-29T11:39:57.009508
2024-02-22 05:00:00,0.19907083333333334,0.18159203924532671,19.907083333333333,18.159203924532672,ethena,sUSDE,defillama_manual_csv,apy_converted_to_apr_for_consistency,2024-02-22,5,2025-09-29T11:39:57.009508
2024-02-22 06:00:00,0.199025,0.18155378597685706,19.9025,18.155378597685708,ethena,sUSDE,defillama_manual_csv,apy_converted_to_apr_for_consistency,2024-02-22,6,2025-09-29T11:39:57.009508
2024-02-22 07:00:00,0.19897916666666668,0.1815155327083874,19.897916666666667,18.151553270838743,ethena,sUSDE,defillama_manual_csv,apy_converted_to_apr_for_consistency,2024-02-22,7,2025-09-29T11:39:57.009508
2024-02-22 08:00:00,0.19893333333333335,0.18147727943991776,19.893333333333334,18.14772794399178,ethena,sUSDE,defillama_manual_csv,apy_converted_to_apr_for_consistency,2024-02-22,8,2025-09-29T11:39:57.009508
2024-02-22 09:00:00,0.1988875,0.1814390261714481,19.88875,18.14390261714481,ethena,sUSDE,defillama_manual_csv,apy_converted_to_apr_for_consistency,2024-02-22,9,2025-09-29T11:39:57.009508
2024-02-22 10:00:00,0.19884166666666667,0.18140077290297846,19.884166666666665,18.140077290297846,ethena,sUSDE,defillama_manual_csv,apy_converted_to_apr_for_consistency,2024-02-22,10,2025-09-29T11:39:57.009508
2024-02-22 11:00:00,0.19879583333333334,0.1813625196345088,19.879583333333333,18.13625196345088,ethena,sUSDE,defillama_manual_csv,apy_converted_to_apr_for_consistency,2024-02-22,11,2025-09-29T11:39:57.009508
2024-02-22 12:00:00,0.19875,0.18132426636603916,19.875,18.132426636603917,ethena,sUSDE,defillama_manual_csv,apy_converted_to_apr_for_consistency,2024-02-22,12,2025-09-29T11:39:57.009508
2024-02-22 13:00:00,0.19870416666666668,0.1812860130975695,19.870416666666667,18.128601309756952,ethena,sUSDE,defillama_manual_csv,apy_converted_to_apr_for_consistency,2024-02-22,13,2025-09-29T11:39:57.009508
2024-02-22 14:00:00,0.19865833333333335,0.18124775982909985,19.865833333333335,18.124775982909988,ethena,sUSDE,defillama_manual_csv,apy_converted_to_apr_for_consistency,2024-02-22,14,2025-09-29T11:39:57.009508
2024-02-22 15:00:00,0.19861250000000003,0.1812095065606302,19.86125,18.120950656063023,ethena,sUSDE,defillama_manual_csv,apy_converted_to_apr_for_consistency,2024-02-22,15,2025-09-29T11:39:57.009508
2024-02-22 16:00:00,0.19856666666666667,0.18117125329216055,19.856666666666666,18.117125329216055,ethena,sUSDE,defillama_manual_csv,apy_converted_to_apr_for_consistency,2024-02-22,16,2025-09-29T11:39:57.009508
2024-02-22 17:00:00,0.19852083333333334,0.1811330000236909,19.852083333333333,18.11330000236909,ethena,sUSDE,defillama_manual_csv,apy_converted_to_apr_for_consistency,2024-02-22,17,2025-09-29T11:39:57.009508
2024-02-22 18:00:00,0.198475,0.18109474675522125,19.8475,18.109474675522126,ethena,sUSDE,defillama_manual_csv,apy_converted_to_apr_for_consistency,2024-02-22,18,2025-09-29T11:39:57.009508
2024-02-22 19:00:00,0.19842916666666668,0.1810564934867516,19.842916666666667,18.10564934867516,ethena,sUSDE,defillama_manual_csv,apy_converted_to_apr_for_consistency,2024-02-22,19,2025-09-29T11:39:57.009508
2024-02-22 20:00:00,0.19838333333333336,0.18101824021828194,19.838333333333335,18.101824021828197,ethena,sUSDE,defillama_manual_csv,apy_converted_to_apr_for_consistency,2024-02-22,20,2025-09-29T11:39:57.009508
2024-02-22 21:00:00,0.1983375,0.1809799869498123,19.833750000000002,18.09799869498123,ethena,sUSDE,defillama_manual_csv,apy_converted_to_apr_for_consistency,2024-02-22,21,2025-09-29T11:39:57.009508
2024-02-22 22:00:00,0.19829166666666667,0.18094173368134264,19.829166666666666,18.094173368134264,ethena,sUSDE,defillama_manual_csv,apy_converted_to_apr_for_consistency,2024-02-22,22,2025-09-29T11:39:57.009508
2024-02-22 23:00:00,0.19824583333333334,0.180903480412873,19.824583333333333,18.0903480412873,ethena,sUSDE,defillama_manual_csv,apy_converted_to_apr_for_consistency,2024-02-22,23,2025-09-29T11:39:57.009508
2024-02-23 00:00:00,0.19820000000000002,0.18086522714440334,19.82,18.086522714440335,ethena,sUSDE,defillama_manual_csv,apy_converted_to_apr_for_consistency,2024-02-23,0,2025-09-29T11:39:57.009508
2024-02-23 01:00:00,0.19814583333333335,0.18081997355822382,19.814583333333335,18.081997355822384,ethena,sUSDE,defillama_manual_csv,apy_converted_to_apr_for_consistency,2024-02-23,1,2025-09-29T11:39:57.009508
2024-02-23 02:00:00,0.1980916666666667,0.18077471997204433,19.809166666666666,18.077471997204434,ethena,sUSDE,defillama_manual_csv,apy_converted_to_apr_for_consistency,2024-02-23,2,2025-09-29T11:39:57.009508
2024-02-23 03:00:00,0.1980375,0.18072946638586482,19.80375,18.072946638586483,ethena,sUSDE,defillama_manual_csv,apy_converted_to_apr_for_consistency,2024-02-23,3,2025-09-29T11:39:57.009508
2024-02-23 04:00:00,0.19798333333333334,0.1806842127996853,19.798333333333332,18.068421279968533,ethena,sUSDE,defillama_manual_csv,apy_converted_to_apr_for_consistency,2024-02-23,4,2025-09-29T11:39:57.009508
2024-02-23 05:00:00,0.19792916666666668,0.1806389592135058,19.792916666666667,18.063895921350582,ethena,sUSDE,defillama_manual_csv,apy_converted_to_apr_for_consistency,2024-02-23,5,2025-09-29T11:39:57.009508
2024-02-23 06:00:00,0.19787500000000002,0.1805937056273263,19.7875,18.05937056273263,ethena,sUSDE,defillama_manual_csv,apy_converted_to_apr_for_consistency,2024-02-23,6,2025-09-29T11:39:57.009508
2024-02-23 07:00:00,0.19782083333333336,0.18054845204114678,19.782083333333333,18.054845204114677,ethena,sUSDE,defillama_manual_csv,apy_converted_to_apr_for_consistency,2024-02-23,7,2025-09-29T11:39:57.009508
2024-02-23 08:00:00,0.19776666666666667,0.1805031984549673,19.776666666666667,18.050319845496727,ethena,sUSDE,defillama_manual_csv,apy_converted_to_apr_for_consistency,2024-02-23,8,2025-09-29T11:39:57.009508
2024-02-23 09:00:00,0.1977125,0.18045794486878777,19.771250000000002,18.045794486878776,ethena,sUSDE,defillama_manual_csv,apy_converted_to_apr_for_consistency,2024-02-23,9,2025-09-29T11:39:57.009508
2024-02-23 10:00:00,0.19765833333333335,0.18041269128260826,19.765833333333333,18.041269128260826,ethena,sUSDE,defillama_manual_csv,apy_converted_to_apr_for_consistency,2024-02-23,10,2025-09-29T11:39:57.009508
2024-02-23 11:00:00,0.1976041666666667,0.18036743769642877,19.760416666666668,18.036743769642875,ethena,sUSDE,defillama_manual_csv,apy_converted_to_apr_for_consistency,2024-02-23,11,2025-09-29T11:39:57.009508
2024-02-23 12:00:00,0.19755,0.18032218411024925,19.755000000000003,18.032218411024925,ethena,sUSDE,defillama_manual_csv,apy_converted_to_apr_for_consistency,2024-02-23,12,2025-09-29T11:39:57.009508
2024-02-23 13:00:00,0.19749583333333334,0.18027693052406973,19.749583333333334,18.027693052406974,ethena,sUSDE,defillama_manual_csv,apy_converted_to_apr_for_consistency,2024-02-23,13,2025-09-29T11:39:57.009508
2024-02-23 14:00:00,0.19744166666666668,0.18023167693789025,19.74416666666667,18.023167693789024,ethena,sUSDE,defillama_manual_csv,apy_converted_to_apr_for_consistency,2024-02-23,14,2025-09-29T11:39:57.009508
2024-02-23 15:00:00,0.19738750000000002,0.18018642335171073,19.73875,18.018642335171073,ethena,sUSDE,defillama_manual_csv,apy_converted_to_apr_for_consistency,2024-02-23,15,2025-09-29T11:39:57.009508
2024-02-23 16:00:00,0.19733333333333336,0.1801411697655312,19.733333333333334,18.014116976553122,ethena,sUSDE,defillama_manual_csv,apy_converted_to_apr_for_consistency,2024-02-23,16,2025-09-29T11:39:57.009508
2024-02-23 17:00:00,0.19727916666666667,0.18009591617935172,19.72791666666667,18.009591617935172,ethena,sUSDE,defillama_manual_csv,apy_converted_to_apr_for_consistency,2024-02-23,17,2025-09-29T11:39:57.009508
2024-02-23 18:00:00,0.197225,0.1800506625931722,19.7225,18.005066259317218,ethena,sUSDE,defillama_manual_csv,apy_converted_to_apr_for_consistency,2024-02-23,18,2025-09-29T11:39:57.009508
2024-02-23 19:00:00,0.19717083333333335,0.1800054090069927,19.717083333333335,18.000540900699267,ethena,sUSDE,defillama_manual_csv,apy_converted_to_apr_for_consistency,2024-02-23,19,2025-09-29T11:39:57.009508
2024-02-23 20:00:00,0.1971166666666667,0.1799601554208132,19.711666666666666,17.996015542081317,ethena,sUSDE,defillama_manual_csv,apy_converted_to_apr_for_consistency,2024-02-23,20,2025-09-29T11:39:57.009508
2024-02-23 21:00:00,0.19706250000000003,0.17991490183463368,19.70625,17.991490183463366,ethena,sUSDE,defillama_manual_csv,apy_converted_to_apr_for_consistency,2024-02-23,21,2025-09-29T11:39:57.009508
2024-02-23 22:00:00,0.19700833333333334,0.17986964824845417,19.700833333333335,17.986964824845415,ethena,sUSDE,defillama_manual_csv,apy_converted_to_apr_for_consistency,2024-02-23,22,2025-09-29T11:39:57.009508
2024-02-23 23:00:00,0.19695416666666668,0.17982439466227468,19.695416666666667,17.982439466227465,ethena,sUSDE,defillama_manual_csv,apy_converted_to_apr_for_consistency,2024-02-23,23,2025-09-29T11:39:57.009508
2024-02-24 00:00:00,0.19690000000000002,0.17977914107609516,19.69,17.977914107609514,ethena,sUSDE,defillama_manual_csv,apy_converted_to_apr_for_consistency,2024-02-24,0,2025-09-29T11:39:57.009508
2024-02-24 01:00:00,0.19675,0.17965356716926784,19.675,17.96535671692678,ethena,sUSDE,defillama_manual_csv,apy_converted_to_apr_for_consistency,2024-02-24,1,2025-09-29T11:39:57.009508
2024-02-24 02:00:00,0.19660000000000002,0.1795279932624405,19.66,17.952799326244048,ethena,sUSDE,defillama_manual_csv,apy_converted_to_apr_for_consistency,2024-02-24,2,2025-09-29T11:39:57.009508
2024-02-24 03:00:00,0.19645,0.17940241935561319,19.645,17.940241935561318,ethena,sUSDE,defillama_manual_csv,apy_converted_to_apr_for_consistency,2024-02-24,3,2025-09-29T11:39:57.009508
2024-02-24 04:00:00,0.1963,0.17927684544878586,19.630000000000003,17.927684544878584,ethena,sUSDE,defillama_manual_csv,apy_converted_to_apr_for_consistency,2024-02-24,4,2025-09-29T11:39:57.009508
2024-02-24 05:00:00,0.19615000000000002,0.17915127154195853,19.615000000000002,17.91512715419585,ethena,sUSDE,defillama_manual_csv,apy_converted_to_apr_for_consistency,2024-02-24,5,2025-09-29T11:39:57.009508
2024-02-24 06:00:00,0.196,0.1790256976351312,19.6,17.90256976351312,ethena,sUSDE,defillama_manual_csv,apy_converted_to_apr_for_consistency,2024-02-24,6,2025-09-29T11:39:57.009508
2024-02-24 07:00:00,0.19585,0.17890012372830388,19.585,17.890012372830387,ethena,sUSDE,defillama_manual_csv,apy_converted_to_apr_for_consistency,2024-02-24,7,2025-09-29T11:39:57.009508
2024-02-24 08:00:00,0.1957,0.17877454982147656,19.57,17.877454982147654,ethena,sUSDE,defillama_manual_csv,apy_converted_to_apr_for_consistency,2024-02-24,8,2025-09-29T11:39:57.009508
2024-02-24 09:00:00,0.19555,0.17864897591464923,19.555,17.86489759146492,ethena,sUSDE,defillama_manual_csv,apy_converted_to_apr_for_consistency,2024-02-24,9,2025-09-29T11:39:57.009508
2024-02-24 10:00:00,0.1954,0.1785234020078219,19.54,17.852340200782187,ethena,sUSDE,defillama_manual_csv,apy_converted_to_apr_for_consistency,2024-02-24,10,2025-09-29T11:39:57.009508
2024-02-24 11:00:00,0.19525,0.17839782810099458,19.525,17.839782810099457,ethena,sUSDE,defillama_manual_csv,apy_converted_to_apr_for_consistency,2024-02-24,11,2025-09-29T11:39:57.009508
2024-02-24 12:00:00,0.1951,0.17827225419416726,19.509999999999998,17.827225419416724,ethena,sUSDE,defillama_manual_csv,apy_converted_to_apr_for_consistency,2024-02-24,12,2025-09-29T11:39:57.009508
2024-02-24 13:00:00,0.19494999999999998,0.17814668028733993,19.495,17.81466802873399,ethena,sUSDE,defillama_manual_csv,apy_converted_to_apr_for_consistency,2024-02-24,13,2025-09-29T11:39:57.009508
2024-02-24 14:00:00,0.1948,0.1780211063805126,19.48,17.80211063805126,ethena,sUSDE,defillama_manual_csv,apy_converted_to_apr_for_consistency,2024-02-24,14,2025-09-29T11:39:57.009508
2024-02-24 15:00:00,0.19465,0.17789553247368528,19.465,17.789553247368527,ethena,sUSDE,defillama_manual_csv,apy_converted_to_apr_for_consistency,2024-02-24,15,2025-09-29T11:39:57.009508
2024-02-24 16:00:00,0.19449999999999998,0.17776995856685796,19.45,17.776995856685794,ethena,sUSDE,defillama_manual_csv,apy_converted_to_apr_for_consistency,2024-02-24,16,2025-09-29T11:39:57.009508
2024-02-24 17:00:00,0.19435,0.17764438466003063,19.435,17.76443846600306,ethena,sUSDE,defillama_manual_csv,apy_converted_to_apr_for_consistency,2024-02-24,17,2025-09-29T11:39:57.009508
2024-02-24 18:00:00,0.19419999999999998,0.1775188107532033,19.419999999999998,17.751881075320327,ethena,sUSDE,defillama_manual_csv,apy_converted_to_apr_for_consistency,2024-02-24,18,2025-09-29T11:39:57.009508
2024-02-24 19:00:00,0.19404999999999997,0.17739323684637598,19.404999999999998,17.739323684637597,ethena,sUSDE,defillama_manual_csv,apy_converted_to_apr_for_consistency,2024-02-24,19,2025-09-29T11:39:57.009508
2024-02-24 20:00:00,0.1939,0.17726766293954865,19.39,17.726766293954864,ethena,sUSDE,defillama_manual_csv,apy_converted_to_apr_for_consistency,2024-02-24,20,2025-09-29T11:39:57.009508
2024-02-24 21:00:00,0.19374999999999998,0.17714208903272133,19.375,17.71420890327213,ethena,sUSDE,defillama_manual_csv,apy_converted_to_apr_for_consistency,2024-02-24,21,2025-09-29T11:39:57.009508
2024-02-24 22:00:00,0.19359999999999997,0.177016515125894,19.36,17.7016515125894,ethena,sUSDE,defillama_manual_csv,apy_converted_to_apr_for_consistency,2024-02-24,22,2025-09-29T11:39:57.009508
2024-02-24 23:00:00,0.19344999999999998,0.17689094121906668,19.345,17.689094121906667,ethena,sUSDE,defillama_manual_csv,apy_converted_to_apr_for_consistency,2024-02-24,23,2025-09-29T11:39:57.009508
2024-02-25 00:00:00,0.19329999999999997,0.17676536731223935,19.33,17.676536731223933,ethena,sUSDE,defillama_manual_csv,apy_converted_to_apr_for_consistency,2024-02-25,0,2025-09-29T11:39:57.009508
2024-02-25 01:00:00,0.1920708333333333,0.17572189526471055,19.207083333333333,17.572189526471053,ethena,sUSDE,defillama_manual_csv,apy_converted_to_apr_for_consistency,2024-02-25,1,2025-09-29T11:39:57.009508
2024-02-25 02:00:00,0.19084166666666663,0.17467842321718172,19.084166666666665,17.46784232171817,ethena,sUSDE,defillama_manual_csv,apy_converted_to_apr_for_consistency,2024-02-25,2,2025-09-29T11:39:57.009508
2024-02-25 03:00:00,0.18961249999999996,0.1736349511696529,18.96125,17.36349511696529,ethena,sUSDE,defillama_manual_csv,apy_converted_to_apr_for_consistency,2024-02-25,3,2025-09-29T11:39:57.009508
2024-02-25 04:00:00,0.18838333333333332,0.1725914791221241,18.83833333333333,17.25914791221241,ethena,sUSDE,defillama_manual_csv,apy_converted_to_apr_for_consistency,2024-02-25,4,2025-09-29T11:39:57.009508
2024-02-25 05:00:00,0.18715416666666665,0.17154800707459528,18.715416666666666,17.15480070745953,ethena,sUSDE,defillama_manual_csv,apy_converted_to_apr_for_consistency,2024-02-25,5,2025-09-29T11:39:57.009508
2024-02-25 06:00:00,0.18592499999999998,0.17050453502706647,18.592499999999998,17.050453502706645,ethena,sUSDE,defillama_manual_csv,apy_converted_to_apr_for_consistency,2024-02-25,6,2025-09-29T11:39:57.009508
2024-02-25 07:00:00,0.1846958333333333,0.16946106297953767,18.469583333333333,16.946106297953765,ethena,sUSDE,defillama_manual_csv,apy_converted_to_apr_for_consistency,2024-02-25,7,2025-09-29T11:39:57.009508
2024-02-25 08:00:00,0.18346666666666664,0.16841759093200884,18.346666666666664,16.841759093200885,ethena,sUSDE,defillama_manual_csv,apy_converted_to_apr_for_consistency,2024-02-25,8,2025-09-29T11:39:57.009508
2024-02-25 09:00:00,0.1822375,0.16737411888448003,18.22375,16.737411888448,ethena,sUSDE,defillama_manual_csv,apy_converted_to_apr_for_consistency,2024-02-25,9,2025-09-29T11:39:57.009508
2024-02-25 10:00:00,0.18100833333333333,0.16633064683695123,18.10083333333333,16.63306468369512,ethena,sUSDE,defillama_manual_csv,apy_converted_to_apr_for_consistency,2024-02-25,10,2025-09-29T11:39:57.009508
2024-02-25 11:00:00,0.17977916666666666,0.1652871747894224,17.977916666666665,16.52871747894224,ethena,sUSDE,defillama_manual_csv,apy_converted_to_apr_for_consistency,2024-02-25,11,2025-09-29T11:39:57.009508
2024-02-25 12:00:00,0.17855,0.1642437027418936,17.854999999999997,16.424370274189357,ethena,sUSDE,defillama_manual_csv,apy_converted_to_apr_for_consistency,2024-02-25,12,2025-09-29T11:39:57.009508
2024-02-25 13:00:00,0.17732083333333332,0.1632002306943648,17.732083333333332,16.320023069436477,ethena,sUSDE,defillama_manual_csv,apy_converted_to_apr_for_consistency,2024-02-25,13,2025-09-29T11:39:57.009508
2024-02-25 14:00:00,0.17609166666666665,0.16215675864683596,17.609166666666667,16.215675864683597,ethena,sUSDE,defillama_manual_csv,apy_converted_to_apr_for_consistency,2024-02-25,14,2025-09-29T11:39:57.009508
2024-02-25 15:00:00,0.17486249999999998,0.16111328659930715,17.48625,16.111328659930717,ethena,sUSDE,defillama_manual_csv,apy_converted_to_apr_for_consistency,2024-02-25,15,2025-09-29T11:39:57.009508
2024-02-25 16:00:00,0.17363333333333333,0.16006981455177835,17.363333333333333,16.006981455177833,ethena,sUSDE,defillama_manual_csv,apy_converted_to_apr_for_consistency,2024-02-25,16,2025-09-29T11:39:57.009508
2024-02-25 17:00:00,0.17240416666666666,0.15902634250424952,17.240416666666665,15.902634250424953,ethena,sUSDE,defillama_manual_csv,apy_converted_to_apr_for_consistency,2024-02-25,17,2025-09-29T11:39:57.009508
2024-02-25 18:00:00,0.171175,0.15798287045672071,17.1175,15.798287045672073,ethena,sUSDE,defillama_manual_csv,apy_converted_to_apr_for_consistency,2024-02-25,18,2025-09-29T11:39:57.009508
2024-02-25 19:00:00,0.16994583333333332,0.1569393984091919,16.99458333333333,15.69393984091919,ethena,sUSDE,defillama_manual_csv,apy_converted_to_apr_for_consistency,2024-02-25,19,2025-09-29T11:39:57.009508
2024-02-25 20:00:00,0.16871666666666665,0.15589592636166308,16.871666666666666,15.589592636166309,ethena,sUSDE,defillama_manual_csv,apy_converted_to_apr_for_consistency,2024-02-25,20,2025-09-29T11:39:57.009508
2024-02-25 21:00:00,0.1674875,0.15485245431413427,16.748749999999998,15.485245431413428,ethena,sUSDE,defillama_manual_csv,apy_converted_to_apr_for_consistency,2024-02-25,21,2025-09-29T11:39:57.009508
2024-02-25 22:00:00,0.16625833333333334,0.15380898226660547,16.625833333333333,15.380898226660547,ethena,sUSDE,defillama_manual_csv,apy_converted_to_apr_for_consistency,2024-02-25,22,2025-09-29T11:39:57.009508
2024-02-25 23:00:00,0.16502916666666667,0.15276551021907664,16.502916666666664,15.276551021907665,ethena,sUSDE,defillama_manual_csv,apy_converted_to_apr_for_consistency,2024-02-25,23,2025-09-29T11:39:57.009508
2024-02-26 00:00:00,0.1638,0.15172203817154784,16.38,15.172203817154784,ethena,sUSDE,defillama_manual_csv,apy_converted_to_apr_for_consistency,2024-02-26,0,2025-09-29T11:39:57.009508
2024-02-26 01:00:00,0.163575,0.1515281767479316,16.357499999999998,15.15281767479316,ethena,sUSDE,defillama_manual_csv,apy_converted_to_apr_for_consistency,2024-02-26,1,2025-09-29T11:39:57.009508
2024-02-26 02:00:00,0.16335,0.15133431532431538,16.335,15.133431532431537,ethena,sUSDE,defillama_manual_csv,apy_converted_to_apr_for_consistency,2024-02-26,2,2025-09-29T11:39:57.009508
2024-02-26 03:00:00,0.163125,0.15114045390069913,16.3125,15.114045390069915,ethena,sUSDE,defillama_manual_csv,apy_converted_to_apr_for_consistency,2024-02-26,3,2025-09-29T11:39:57.009508
2024-02-26 04:00:00,0.1629,0.1509465924770829,16.29,15.094659247708291,ethena,sUSDE,defillama_manual_csv,apy_converted_to_apr_for_consistency,2024-02-26,4,2025-09-29T11:39:57.009508
2024-02-26 05:00:00,0.162675,0.15075273105346668,16.2675,15.075273105346668,ethena,sUSDE,defillama_manual_csv,apy_converted_to_apr_for_consistency,2024-02-26,5,2025-09-29T11:39:57.009508
2024-02-26 06:00:00,0.16244999999999998,0.15055886962985043,16.244999999999997,15.055886962985044,ethena,sUSDE,defillama_manual_csv,apy_converted_to_apr_for_consistency,2024-02-26,6,2025-09-29T11:39:57.009508
2024-02-26 07:00:00,0.162225,0.1503650082062342,16.2225,15.03650082062342,ethena,sUSDE,defillama_manual_csv,apy_converted_to_apr_for_consistency,2024-02-26,7,2025-09-29T11:39:57.009508
2024-02-26 08:00:00,0.162,0.15017114678261798,16.2,15.017114678261796,ethena,sUSDE,defillama_manual_csv,apy_converted_to_apr_for_consistency,2024-02-26,8,2025-09-29T11:39:57.009508
2024-02-26 09:00:00,0.161775,0.14997728535900173,16.1775,14.997728535900173,ethena,sUSDE,defillama_manual_csv,apy_converted_to_apr_for_consistency,2024-02-26,9,2025-09-29T11:39:57.009508
2024-02-26 10:00:00,0.16155,0.1497834239353855,16.155,14.97834239353855,ethena,sUSDE,defillama_manual_csv,apy_converted_to_apr_for_consistency,2024-02-26,10,2025-09-29T11:39:57.009508
2024-02-26 11:00:00,0.161325,0.14958956251176928,16.1325,14.958956251176927,ethena,sUSDE,defillama_manual_csv,apy_converted_to_apr_for_consistency,2024-02-26,11,2025-09-29T11:39:57.009508
2024-02-26 12:00:00,0.1611,0.14939570108815303,16.11,14.939570108815303,ethena,sUSDE,defillama_manual_csv,apy_converted_to_apr_for_consistency,2024-02-26,12,2025-09-29T11:39:57.009508
2024-02-26 13:00:00,0.160875,0.1492018396645368,16.0875,14.92018396645368,ethena,sUSDE,defillama_manual_csv,apy_converted_to_apr_for_consistency,2024-02-26,13,2025-09-29T11:39:57.009508
2024-02-26 14:00:00,0.16065,0.14900797824092057,16.064999999999998,14.900797824092056,ethena,sUSDE,defillama_manual_csv,apy_converted_to_apr_for_consistency,2024-02-26,14,2025-09-29T11:39:57.009508
2024-02-26 15:00:00,0.16042499999999998,0.14881411681730433,16.0425,14.881411681730434,ethena,sUSDE,defillama_manual_csv,apy_converted_to_apr_for_consistency,2024-02-26,15,2025-09-29T11:39:57.009508
2024-02-26 16:00:00,0.16019999999999998,0.1486202553936881,16.02,14.86202553936881,ethena,sUSDE,defillama_manual_csv,apy_converted_to_apr_for_consistency,2024-02-26,16,2025-09-29T11:39:57.009508
2024-02-26 17:00:00,0.15997499999999998,0.14842639397007187,15.997499999999999,14.842639397007186,ethena,sUSDE,defillama_manual_csv,apy_converted_to_apr_for_consistency,2024-02-26,17,2025-09-29T11:39:57.009508
2024-02-26 18:00:00,0.15975,0.14823253254645563,15.975,14.823253254645563,ethena,sUSDE,defillama_manual_csv,apy_converted_to_apr_for_consistency,2024-02-26,18,2025-09-29T11:39:57.009508
2024-02-26 19:00:00,0.159525,0.1480386711228394,15.9525,14.803867112283939,ethena,sUSDE,defillama_manual_csv,apy_converted_to_apr_for_consistency,2024-02-26,19,2025-09-29T11:39:57.009508
2024-02-26 20:00:00,0.1593,0.14784480969922317,15.93,14.784480969922315,ethena,sUSDE,defillama_manual_csv,apy_converted_to_apr_for_consistency,2024-02-26,20,2025-09-29T11:39:57.009508
2024-02-26 21:00:00,0.159075,0.14765094827560693,15.907499999999999,14.765094827560691,ethena,sUSDE,defillama_manual_csv,apy_converted_to_apr_for_consistency,2024-02-26,21,2025-09-29T11:39:57.009508
2024-02-26 22:00:00,0.15885,0.1474570868519907,15.885,14.74570868519907,ethena,sUSDE,defillama_manual_csv,apy_converted_to_apr_for_consistency,2024-02-26,22,2025-09-29T11:39:57.009508
2024-02-26 23:00:00,0.158625,0.14726322542837447,15.8625,14.726322542837446,ethena,sUSDE,defillama_manual_csv,apy_converted_to_apr_for_consistency,2024-02-26,23,2025-09-29T11:39:57.009508
2024-02-27 00:00:00,0.15839999999999999,0.14706936400475823,15.84,14.706936400475822,ethena,sUSDE,defillama_manual_csv,apy_converted_to_apr_for_consistency,2024-02-27,0,2025-09-29T11:39:57.009508
2024-02-27 01:00:00,0.158325,0.1470045432056058,15.8325,14.70045432056058,ethena,sUSDE,defillama_manual_csv,apy_converted_to_apr_for_consistency,2024-02-27,1,2025-09-29T11:39:57.009508
2024-02-27 02:00:00,0.15824999999999997,0.14693972240645337,15.825,14.693972240645335,ethena,sUSDE,defillama_manual_csv,apy_converted_to_apr_for_consistency,2024-02-27,2,2025-09-29T11:39:57.009508
2024-02-27 03:00:00,0.15817499999999998,0.14687490160730093,15.817499999999999,14.687490160730093,ethena,sUSDE,defillama_manual_csv,apy_converted_to_apr_for_consistency,2024-02-27,3,2025-09-29T11:39:57.009508
2024-02-27 04:00:00,0.1581,0.1468100808081485,15.81,14.68100808081485,ethena,sUSDE,defillama_manual_csv,apy_converted_to_apr_for_consistency,2024-02-27,4,2025-09-29T11:39:57.009508
2024-02-27 05:00:00,0.158025,0.14674526000899607,15.8025,14.674526000899606,ethena,sUSDE,defillama_manual_csv,apy_converted_to_apr_for_consistency,2024-02-27,5,2025-09-29T11:39:57.009508
2024-02-27 06:00:00,0.15794999999999998,0.14668043920984364,15.795,14.668043920984363,ethena,sUSDE,defillama_manual_csv,apy_converted_to_apr_for_consistency,2024-02-27,6,2025-09-29T11:39:57.009508
2024-02-27 07:00:00,0.157875,0.1466156184106912,15.7875,14.66156184106912,ethena,sUSDE,defillama_manual_csv,apy_converted_to_apr_for_consistency,2024-02-27,7,2025-09-29T11:39:57.009508
2024-02-27 08:00:00,0.1578,0.14655079761153877,15.78,14.655079761153877,ethena,sUSDE,defillama_manual_csv,apy_converted_to_apr_for_consistency,2024-02-27,8,2025-09-29T11:39:57.009508
2024-02-27 09:00:00,0.15772499999999998,0.14648597681238634,15.7725,14.648597681238634,ethena,sUSDE,defillama_manual_csv,apy_converted_to_apr_for_consistency,2024-02-27,9,2025-09-29T11:39:57.009508
2024-02-27 10:00:00,0.15764999999999998,0.1464211560132339,15.765,14.642115601323392,ethena,sUSDE,defillama_manual_csv,apy_converted_to_apr_for_consistency,2024-02-27,10,2025-09-29T11:39:57.009508
2024-02-27 11:00:00,0.157575,0.14635633521408148,15.7575,14.635633521408147,ethena,sUSDE,defillama_manual_csv,apy_converted_to_apr_for_consistency,2024-02-27,11,2025-09-29T11:39:57.009508
2024-02-27 12:00:00,0.15749999999999997,0.14629151441492905,15.75,14.629151441492905,ethena,sUSDE,defillama_manual_csv,apy_converted_to_apr_for_consistency,2024-02-27,12,2025-09-29T11:39:57.009508
2024-02-27 13:00:00,0.15742499999999998,0.14622669361577662,15.7425,14.622669361577662,ethena,sUSDE,defillama_manual_csv,apy_converted_to_apr_for_consistency,2024-02-27,13,2025-09-29T11:39:57.009508
2024-02-27 14:00:00,0.15735,0.14616187281662418,15.735,14.616187281662418,ethena,sUSDE,defillama_manual_csv,apy_converted_to_apr_for_consistency,2024-02-27,14,2025-09-29T11:39:57.009508
2024-02-27 15:00:00,0.157275,0.14609705201747175,15.7275,14.609705201747175,ethena,sUSDE,defillama_manual_csv,apy_converted_to_apr_for_consistency,2024-02-27,15,2025-09-29T11:39:57.009508
2024-02-27 16:00:00,0.15719999999999998,0.14603223121831932,15.72,14.603223121831933,ethena,sUSDE,defillama_manual_csv,apy_converted_to_apr_for_consistency,2024-02-27,16,2025-09-29T11:39:57.009508
2024-02-27 17:00:00,0.157125,0.1459674104191669,15.7125,14.596741041916689,ethena,sUSDE,defillama_manual_csv,apy_converted_to_apr_for_consistency,2024-02-27,17,2025-09-29T11:39:57.009508
2024-02-27 18:00:00,0.15705,0.14590258962001446,15.705,14.590258962001446,ethena,sUSDE,defillama_manual_csv,apy_converted_to_apr_for_consistency,2024-02-27,18,2025-09-29T11:39:57.009508
2024-02-27 19:00:00,0.15697499999999998,0.14583776882086202,15.6975,14.583776882086203,ethena,sUSDE,defillama_manual_csv,apy_converted_to_apr_for_consistency,2024-02-27,19,2025-09-29T11:39:57.009508
2024-02-27 20:00:00,0.15689999999999998,0.1457729480217096,15.69,14.57729480217096,ethena,sUSDE,defillama_manual_csv,apy_converted_to_apr_for_consistency,2024-02-27,20,2025-09-29T11:39:57.009508
2024-02-27 21:00:00,0.156825,0.14570812722255716,15.682500000000001,14.570812722255717,ethena,sUSDE,defillama_manual_csv,apy_converted_to_apr_for_consistency,2024-02-27,21,2025-09-29T11:39:57.009508
2024-02-27 22:00:00,0.15675,0.14564330642340473,15.675,14.564330642340474,ethena,sUSDE,defillama_manual_csv,apy_converted_to_apr_for_consistency,2024-02-27,22,2025-09-29T11:39:57.009508
2024-02-27 23:00:00,0.15667499999999998,0.1455784856242523,15.6675,14.55784856242523,ethena,sUSDE,defillama_manual_csv,apy_converted_to_apr_for_consistency,2024-02-27,23,2025-09-29T11:39:57.009508
2024-02-28 00:00:00,0.1566,0.14551366482509986,15.66,14.551366482509987,ethena,sUSDE,defillama_manual_csv,apy_converted_to_apr_for_consistency,2024-02-28,0,2025-09-29T11:39:57.009508
2024-02-28 01:00:00,0.16165833333333332,0.14967471210298997,16.16583333333333,14.967471210298998,ethena,sUSDE,defillama_manual_csv,apy_converted_to_apr_for_consistency,2024-02-28,1,2025-09-29T11:39:57.009508
2024-02-28 02:00:00,0.16671666666666665,0.15383575938088007,16.671666666666667,15.383575938088008,ethena,sUSDE,defillama_manual_csv,apy_converted_to_apr_for_consistency,2024-02-28,2,2025-09-29T11:39:57.009508
2024-02-28 03:00:00,0.17177499999999998,0.15799680665877017,17.177500000000002,15.799680665877018,ethena,sUSDE,defillama_manual_csv,apy_converted_to_apr_for_consistency,2024-02-28,3,2025-09-29T11:39:57.009508
2024-02-28 04:00:00,0.17683333333333334,0.16215785393666027,17.683333333333334,16.215785393666028,ethena,sUSDE,defillama_manual_csv,apy_converted_to_apr_for_consistency,2024-02-28,4,2025-09-29T11:39:57.009508
2024-02-28 05:00:00,0.18189166666666667,0.16631890121455037,18.189166666666665,16.631890121455037,ethena,sUSDE,defillama_manual_csv,apy_converted_to_apr_for_consistency,2024-02-28,5,2025-09-29T11:39:57.009508
2024-02-28 06:00:00,0.18695,0.17047994849244047,18.695,17.04799484924405,ethena,sUSDE,defillama_manual_csv,apy_converted_to_apr_for_consistency,2024-02-28,6,2025-09-29T11:39:57.009508
2024-02-28 07:00:00,0.19200833333333334,0.17464099577033057,19.200833333333335,17.464099577033057,ethena,sUSDE,defillama_manual_csv,apy_converted_to_apr_for_consistency,2024-02-28,7,2025-09-29T11:39:57.009508
2024-02-28 08:00:00,0.19706666666666667,0.17880204304822067,19.706666666666667,17.88020430482207,ethena,sUSDE,defillama_manual_csv,apy_converted_to_apr_for_consistency,2024-02-28,8,2025-09-29T11:39:57.009508
2024-02-28 09:00:00,0.202125,0.18296309032611077,20.2125,18.296309032611077,ethena,sUSDE,defillama_manual_csv,apy_converted_to_apr_for_consistency,2024-02-28,9,2025-09-29T11:39:57.009508
2024-02-28 10:00:00,0.20718333333333333,0.18712413760400087,20.718333333333334,18.71241376040009,ethena,sUSDE,defillama_manual_csv,apy_converted_to_apr_for_consistency,2024-02-28,10,2025-09-29T11:39:57.009508
2024-02-28 11:00:00,0.21224166666666666,0.19128518488189097,21.22416666666667,19.128518488189098,ethena,sUSDE,defillama_manual_csv,apy_converted_to_apr_for_consistency,2024-02-28,11,2025-09-29T11:39:57.009508
2024-02-28 12:00:00,0.2173,0.19544623215978107,21.73,19.544623215978106,ethena,sUSDE,defillama_manual_csv,apy_converted_to_apr_for_consistency,2024-02-28,12,2025-09-29T11:39:57.009508
2024-02-28 13:00:00,0.22235833333333332,0.19960727943767118,22.235833333333332,19.960727943767118,ethena,sUSDE,defillama_manual_csv,apy_converted_to_apr_for_consistency,2024-02-28,13,2025-09-29T11:39:57.009508
2024-02-28 14:00:00,0.22741666666666668,0.20376832671556128,22.741666666666667,20.376832671556127,ethena,sUSDE,defillama_manual_csv,apy_converted_to_apr_for_consistency,2024-02-28,14,2025-09-29T11:39:57.009508
2024-02-28 15:00:00,0.23247500000000001,0.20792937399345138,23.247500000000002,20.79293739934514,ethena,sUSDE,defillama_manual_csv,apy_converted_to_apr_for_consistency,2024-02-28,15,2025-09-29T11:39:57.009508
2024-02-28 16:00:00,0.23753333333333335,0.21209042127134148,23.753333333333334,21.209042127134147,ethena,sUSDE,defillama_manual_csv,apy_converted_to_apr_for_consistency,2024-02-28,16,2025-09-29T11:39:57.009508
2024-02-28 17:00:00,0.24259166666666668,0.21625146854923158,24.259166666666665,21.62514685492316,ethena,sUSDE,defillama_manual_csv,apy_converted_to_apr_for_consistency,2024-02-28,17,2025-09-29T11:39:57.009508
2024-02-28 18:00:00,0.24765,0.22041251582712168,24.765,22.041251582712167,ethena,sUSDE,defillama_manual_csv,apy_converted_to_apr_for_consistency,2024-02-28,18,2025-09-29T11:39:57.009508
2024-02-28 19:00:00,0.25270833333333337,0.22457356310501178,25.270833333333336,22.457356310501176,ethena,sUSDE,defillama_manual_csv,apy_converted_to_apr_for_consistency,2024-02-28,19,2025-09-29T11:39:57.009508
2024-02-28 20:00:00,0.2577666666666667,0.22873461038290188,25.776666666666667,22.873461038290188,ethena,sUSDE,defillama_manual_csv,apy_converted_to_apr_for_consistency,2024-02-28,20,2025-09-29T11:39:57.009508
2024-02-28 21:00:00,0.26282500000000003,0.23289565766079198,26.2825,23.2895657660792,ethena,sUSDE,defillama_manual_csv,apy_converted_to_apr_for_consistency,2024-02-28,21,2025-09-29T11:39:57.009508
2024-02-28 22:00:00,0.26788333333333336,0.23705670493868208,26.788333333333334,23.705670493868208,ethena,sUSDE,defillama_manual_csv,apy_converted_to_apr_for_consistency,2024-02-28,22,2025-09-29T11:39:57.009508
2024-02-28 23:00:00,0.2729416666666667,0.24121775221657218,27.29416666666667,24.121775221657217,ethena,sUSDE,defillama_manual_csv,apy_converted_to_apr_for_consistency,2024-02-28,23,2025-09-29T11:39:57.009508
2024-02-29 00:00:00,0.278,0.24537879949446229,27.8,24.53787994944623,ethena,sUSDE,defillama_manual_csv,apy_converted_to_apr_for_consistency,2024-02-29,0,2025-09-29T11:39:57.009508
2024-02-29 01:00:00,0.27832500000000004,0.2456325027491492,27.8325,24.563250274914918,ethena,sUSDE,defillama_manual_csv,apy_converted_to_apr_for_consistency,2024-02-29,1,2025-09-29T11:39:57.009508
2024-02-29 02:00:00,0.27865,0.2458862060038361,27.865000000000002,24.58862060038361,ethena,sUSDE,defillama_manual_csv,apy_converted_to_apr_for_consistency,2024-02-29,2,2025-09-29T11:39:57.009508
2024-02-29 03:00:00,0.27897500000000003,0.246139909258523,27.8975,24.6139909258523,ethena,sUSDE,defillama_manual_csv,apy_converted_to_apr_for_consistency,2024-02-29,3,2025-09-29T11:39:57.009508
2024-02-29 04:00:00,0.2793,0.2463936125132099,27.93,24.63936125132099,ethena,sUSDE,defillama_manual_csv,apy_converted_to_apr_for_consistency,2024-02-29,4,2025-09-29T11:39:57.009508
2024-02-29 05:00:00,0.279625,0.2466473157678968,27.9625,24.66473157678968,ethena,sUSDE,defillama_manual_csv,apy_converted_to_apr_for_consistency,2024-02-29,5,2025-09-29T11:39:57.009508
2024-02-29 06:00:00,0.27995000000000003,0.2469010190225837,27.995,24.69010190225837,ethena,sUSDE,defillama_manual_csv,apy_converted_to_apr_for_consistency,2024-02-29,6,2025-09-29T11:39:57.009508
2024-02-29 07:00:00,0.280275,0.24715472227727062,28.0275,24.715472227727062,ethena,sUSDE,defillama_manual_csv,apy_converted_to_apr_for_consistency,2024-02-29,7,2025-09-29T11:39:57.009508
2024-02-29 08:00:00,0.2806,0.24740842553195752,28.06,24.74084255319575,ethena,sUSDE,defillama_manual_csv,apy_converted_to_apr_for_consistency,2024-02-29,8,2025-09-29T11:39:57.009508
2024-02-29 09:00:00,0.28092500000000004,0.24766212878664443,28.0925,24.766212878664444,ethena,sUSDE,defillama_manual_csv,apy_converted_to_apr_for_consistency,2024-02-29,9,2025-09-29T11:39:57.009508
2024-02-29 10:00:00,0.28125,0.24791583204133133,28.125,24.791583204133133,ethena,sUSDE,defillama_manual_csv,apy_converted_to_apr_for_consistency,2024-02-29,10,2025-09-29T11:39:57.009508
2024-02-29 11:00:00,0.281575,0.24816953529601823,28.1575,24.816953529601825,ethena,sUSDE,defillama_manual_csv,apy_converted_to_apr_for_consistency,2024-02-29,11,2025-09-29T11:39:57.009508
2024-02-29 12:00:00,0.28190000000000004,0.24842323855070514,28.189999999999998,24.842323855070514,ethena,sUSDE,defillama_manual_csv,apy_converted_to_apr_for_consistency,2024-02-29,12,2025-09-29T11:39:57.009508
2024-02-29 13:00:00,0.282225,0.24867694180539204,28.2225,24.867694180539203,ethena,sUSDE,defillama_manual_csv,apy_converted_to_apr_for_consistency,2024-02-29,13,2025-09-29T11:39:57.009508
2024-02-29 14:00:00,0.28255,0.24893064506007895,28.255,24.893064506007896,ethena,sUSDE,defillama_manual_csv,apy_converted_to_apr_for_consistency,2024-02-29,14,2025-09-29T11:39:57.009508
2024-02-29 15:00:00,0.282875,0.24918434831476585,28.287499999999998,24.918434831476585,ethena,sUSDE,defillama_manual_csv,apy_converted_to_apr_for_consistency,2024-02-29,15,2025-09-29T11:39:57.009508
2024-02-29 16:00:00,0.2832,0.24943805156945276,28.32,24.943805156945277,ethena,sUSDE,defillama_manual_csv,apy_converted_to_apr_for_consistency,2024-02-29,16,2025-09-29T11:39:57.009508
2024-02-29 17:00:00,0.283525,0.24969175482413966,28.3525,24.969175482413966,ethena,sUSDE,defillama_manual_csv,apy_converted_to_apr_for_consistency,2024-02-29,17,2025-09-29T11:39:57.009508
2024-02-29 18:00:00,0.28385,0.24994545807882657,28.384999999999998,24.99454580788266,ethena,sUSDE,defillama_manual_csv,apy_converted_to_apr_for_consistency,2024-02-29,18,2025-09-29T11:39:57.009508
2024-02-29 19:00:00,0.284175,0.2501991613335135,28.4175,25.019916133351348,ethena,sUSDE,defillama_manual_csv,apy_converted_to_apr_for_consistency,2024-02-29,19,2025-09-29T11:39:57.009508
2024-02-29 20:00:00,0.2845,0.2504528645882004,28.45,25.045286458820037,ethena,sUSDE,defillama_manual_csv,apy_converted_to_apr_for_consistency,2024-02-29,20,2025-09-29T11:39:57.009508
2024-02-29 21:00:00,0.284825,0.25070656784288725,28.482499999999998,25.07065678428873,ethena,sUSDE,defillama_manual_csv,apy_converted_to_apr_for_consistency,2024-02-29,21,2025-09-29T11:39:57.009508
2024-02-29 22:00:00,0.28515,0.2509602710975742,28.514999999999997,25.09602710975742,ethena,sUSDE,defillama_manual_csv,apy_converted_to_apr_for_consistency,2024-02-29,22,2025-09-29T11:39:57.009508
2024-02-29 23:00:00,0.285475,0.2512139743522611,28.5475,25.12139743522611,ethena,sUSDE,defillama_manual_csv,apy_converted_to_apr_for_consistency,2024-02-29,23,2025-09-29T11:39:57.009508
2024-03-01 00:00:00,0.2858,0.251467677606948,28.58,25.1467677606948,ethena,sUSDE,defillama_manual_csv,apy_converted_to_apr_for_consistency,2024-03-01,0,2025-09-29T11:39:57.009508
