timestamp,open,high,low,close,volume,source,symbol,data_type
2024-08-01T00:00:00Z,3233.31,3243.0,3214.36,3235.43,547874.5999999999,okx,ETHUSDT,futures
2024-08-01T01:00:00Z,3235.41,3238.9,3190.02,3211.84,1176954.0999999996,okx,ETHUSDT,futures
2024-08-01T02:00:00Z,3211.84,3214.15,3177.0,3198.42,930531.4,okx,ETHUSDT,futures
2024-08-01T03:00:00Z,3198.41,3198.41,3171.74,3178.9,607954.1999999998,okx,ETHUSDT,futures
2024-08-01T04:00:00Z,3178.9,3190.14,3139.12,3147.98,1317029.7999999998,okx,ETHUSDT,futures
2024-08-01T05:00:00Z,3147.97,3185.0,3136.0,3184.99,1020413.7000000002,okx,ETHUSDT,futures
2024-08-01T06:00:00Z,3185.0,3185.0,3163.52,3168.16,523167.2000000001,okx,ETHUSDT,futures
2024-08-01T07:00:00Z,3168.17,3180.5,3164.41,3166.64,363136.20000000007,okx,ETHUSDT,futures
2024-08-01T08:00:00Z,3166.64,3184.91,3165.45,3184.49,329430.3000000001,okx,ETHUSDT,futures
2024-08-01T09:00:00Z,3184.49,3194.41,3179.2,3180.29,397573.89999999997,okx,ETHUSDT,futures
2024-08-01T10:00:00Z,3180.29,3192.85,3176.23,3190.64,244857.79999999993,okx,ETHUSDT,futures
2024-08-01T11:00:00Z,3190.62,3194.29,3183.74,3188.44,338890.8,okx,ETHUSDT,futures
2024-08-01T12:00:00Z,3188.45,3207.6,3186.72,3196.72,621127.7999999998,okx,ETHUSDT,futures
2024-08-01T13:00:00Z,3196.73,3200.15,3173.77,3183.9,770752.3999999999,okx,ETHUSDT,futures
2024-08-01T14:00:00Z,3183.9,3188.06,3142.99,3142.99,969148.9,okx,ETHUSDT,futures
2024-08-01T15:00:00Z,3142.99,3146.56,3102.0,3116.68,2609175.400000001,okx,ETHUSDT,futures
2024-08-01T16:00:00Z,3116.68,3124.0,3090.91,3107.54,1442605.6,okx,ETHUSDT,futures
2024-08-01T17:00:00Z,3107.54,3121.2,3090.11,3119.96,948942.2,okx,ETHUSDT,futures
2024-08-01T18:00:00Z,3119.97,3121.95,3080.01,3092.15,1127361.6,okx,ETHUSDT,futures
2024-08-01T19:00:00Z,3092.15,3135.93,3090.07,3131.63,675697.6000000001,okx,ETHUSDT,futures
2024-08-01T20:00:00Z,3131.61,3172.22,3121.36,3171.43,967748.3999999999,okx,ETHUSDT,futures
2024-08-01T21:00:00Z,3171.44,3185.98,3158.07,3176.56,526918.1999999998,okx,ETHUSDT,futures
2024-08-01T22:00:00Z,3176.57,3219.27,3173.04,3209.54,1130738.6000000003,okx,ETHUSDT,futures
2024-08-01T23:00:00Z,3209.54,3216.35,3198.97,3203.52,484766.2000000001,okx,ETHUSDT,futures
2024-08-02T00:00:00Z,3203.52,3218.43,3194.2,3194.2,433270.9000000001,okx,ETHUSDT,futures
2024-08-02T01:00:00Z,3194.2,3194.42,3168.3,3173.69,709721.7000000002,okx,ETHUSDT,futures
2024-08-02T02:00:00Z,3173.68,3184.48,3136.32,3159.68,1028440.1,okx,ETHUSDT,futures
2024-08-02T03:00:00Z,3159.69,3171.3,3150.42,3168.24,401868.7999999999,okx,ETHUSDT,futures
2024-08-02T04:00:00Z,3168.24,3176.27,3162.0,3168.42,257128.1,okx,ETHUSDT,futures
2024-08-02T05:00:00Z,3168.42,3169.0,3142.0,3148.76,532926.7999999999,okx,ETHUSDT,futures
2024-08-02T06:00:00Z,3148.76,3165.81,3126.97,3155.68,849635.8,okx,ETHUSDT,futures
2024-08-02T07:00:00Z,3155.68,3158.55,3137.21,3147.1,406060.90000000014,okx,ETHUSDT,futures
2024-08-02T08:00:00Z,3147.1,3159.75,3134.74,3159.75,463318.10000000003,okx,ETHUSDT,futures
2024-08-02T09:00:00Z,3159.74,3163.0,3149.58,3152.8,257385.49999999997,okx,ETHUSDT,futures
2024-08-02T10:00:00Z,3152.8,3164.78,3145.0,3159.25,317530.00000000006,okx,ETHUSDT,futures
2024-08-02T11:00:00Z,3159.25,3167.65,3152.12,3153.74,324483.39999999997,okx,ETHUSDT,futures
2024-08-02T12:00:00Z,3153.73,3161.11,3110.0,3154.43,1496218.5999999999,okx,ETHUSDT,futures
2024-08-02T13:00:00Z,3154.42,3183.51,3142.08,3160.68,1155203.3000000005,okx,ETHUSDT,futures
2024-08-02T14:00:00Z,3160.69,3166.6,3031.2,3038.03,3467427.700000001,okx,ETHUSDT,futures
2024-08-02T15:00:00Z,3038.04,3046.78,2984.4,3038.65,3884187.8000000007,okx,ETHUSDT,futures
2024-08-02T16:00:00Z,3038.66,3048.79,3016.56,3027.3,1157802.2999999996,okx,ETHUSDT,futures
2024-08-02T17:00:00Z,3027.39,3043.0,3016.8,3025.91,678172.6000000001,okx,ETHUSDT,futures
2024-08-02T18:00:00Z,3025.9,3034.84,3005.26,3015.25,568337.8999999999,okx,ETHUSDT,futures
2024-08-02T19:00:00Z,3015.24,3024.36,2993.55,3012.21,706988.1,okx,ETHUSDT,futures
2024-08-02T20:00:00Z,3012.38,3042.0,2987.41,3020.48,1048860.0,okx,ETHUSDT,futures
2024-08-02T21:00:00Z,3020.48,3020.99,2968.0,3004.15,1410363.9000000004,okx,ETHUSDT,futures
2024-08-02T22:00:00Z,3004.15,3009.84,2971.16,2979.16,674177.2000000001,okx,ETHUSDT,futures
2024-08-02T23:00:00Z,2979.17,3000.62,2970.13,2990.01,653209.5,okx,ETHUSDT,futures
2024-08-03T00:00:00Z,2990.01,3004.4,2941.37,2962.54,1117934.8,okx,ETHUSDT,futures
2024-08-03T01:00:00Z,2962.88,2967.55,2913.4,2956.33,1922339.0999999999,okx,ETHUSDT,futures
2024-08-03T02:00:00Z,2956.33,2972.77,2954.23,2961.84,566324.7000000001,okx,ETHUSDT,futures
2024-08-03T03:00:00Z,2961.84,2984.23,2958.0,2982.1,587128.6,okx,ETHUSDT,futures
2024-08-03T04:00:00Z,2982.11,2983.0,2960.94,2965.45,412553.89999999997,okx,ETHUSDT,futures
2024-08-03T05:00:00Z,2965.45,2975.48,2962.3,2975.48,200852.0,okx,ETHUSDT,futures
2024-08-03T06:00:00Z,2975.48,2991.32,2973.66,2990.01,351528.9,okx,ETHUSDT,futures
2024-08-03T07:00:00Z,2990.0,2996.63,2982.5,2983.51,426705.70000000024,okx,ETHUSDT,futures
2024-08-03T08:00:00Z,2983.43,2988.64,2974.11,2982.39,349360.19999999995,okx,ETHUSDT,futures
2024-08-03T09:00:00Z,2982.39,2990.28,2976.88,2989.6,231868.60000000003,okx,ETHUSDT,futures
2024-08-03T10:00:00Z,2989.59,2995.74,2986.11,2991.14,251285.89999999994,okx,ETHUSDT,futures
2024-08-03T11:00:00Z,2991.13,3006.69,2988.62,2996.71,398920.1,okx,ETHUSDT,futures
2024-08-03T12:00:00Z,2996.72,3018.74,2995.0,3010.36,795799.2000000002,okx,ETHUSDT,futures
2024-08-03T13:00:00Z,3010.36,3012.59,2999.26,3007.88,327593.00000000006,okx,ETHUSDT,futures
2024-08-03T14:00:00Z,3007.89,3015.42,2998.7,3000.21,392558.7,okx,ETHUSDT,futures
2024-08-03T15:00:00Z,3000.22,3006.34,2938.22,2942.59,1664515.3000000003,okx,ETHUSDT,futures
2024-08-03T16:00:00Z,2942.58,2955.89,2909.0,2936.01,2770515.9,okx,ETHUSDT,futures
2024-08-03T17:00:00Z,2936.01,2941.38,2898.96,2902.93,1078313.2999999998,okx,ETHUSDT,futures
2024-08-03T18:00:00Z,2902.92,2929.0,2892.14,2904.39,1066105.1999999997,okx,ETHUSDT,futures
2024-08-03T19:00:00Z,2904.4,2922.09,2875.0,2893.86,1032966.9999999999,okx,ETHUSDT,futures
2024-08-03T20:00:00Z,2893.87,2920.19,2884.65,2894.33,718481.4,okx,ETHUSDT,futures
2024-08-03T21:00:00Z,2894.36,2920.58,2856.65,2913.45,1145684.3999999997,okx,ETHUSDT,futures
2024-08-03T22:00:00Z,2913.46,2922.7,2901.1,2909.35,399629.39999999997,okx,ETHUSDT,futures
2024-08-03T23:00:00Z,2909.37,2914.0,2894.57,2903.54,607000.2000000001,okx,ETHUSDT,futures
2024-08-04T00:00:00Z,2903.55,2918.77,2900.94,2914.08,342698.8999999999,okx,ETHUSDT,futures
2024-08-04T01:00:00Z,2914.08,2914.93,2876.47,2907.42,780936.2000000002,okx,ETHUSDT,futures
2024-08-04T02:00:00Z,2907.39,2939.0,2905.09,2920.68,825445.0,okx,ETHUSDT,futures
2024-08-04T03:00:00Z,2920.68,2921.4,2909.0,2916.26,215385.9,okx,ETHUSDT,futures
2024-08-04T04:00:00Z,2916.26,2919.75,2900.1,2902.61,304362.20000000007,okx,ETHUSDT,futures
2024-08-04T05:00:00Z,2902.62,2919.58,2900.33,2915.32,267997.2,okx,ETHUSDT,futures
2024-08-04T06:00:00Z,2915.31,2922.49,2910.2,2917.97,214443.8,okx,ETHUSDT,futures
2024-08-04T07:00:00Z,2917.97,2918.62,2887.28,2893.46,602292.6,okx,ETHUSDT,futures
2024-08-04T08:00:00Z,2893.34,2914.66,2876.47,2906.49,802850.3,okx,ETHUSDT,futures
2024-08-04T09:00:00Z,2906.5,2916.68,2904.33,2912.61,291388.2,okx,ETHUSDT,futures
2024-08-04T10:00:00Z,2912.62,2916.82,2905.1,2915.43,237021.3,okx,ETHUSDT,futures
2024-08-04T11:00:00Z,2915.42,2925.63,2911.0,2914.31,321178.10000000003,okx,ETHUSDT,futures
2024-08-04T12:00:00Z,2914.31,2924.91,2910.21,2923.61,311851.69999999995,okx,ETHUSDT,futures
2024-08-04T13:00:00Z,2923.62,2926.44,2910.41,2911.0,305393.30000000005,okx,ETHUSDT,futures
2024-08-04T14:00:00Z,2911.01,2914.14,2852.34,2864.82,2313877.9,okx,ETHUSDT,futures
2024-08-04T15:00:00Z,2864.82,2869.97,2820.0,2827.78,2075490.6000000006,okx,ETHUSDT,futures
2024-08-04T16:00:00Z,2827.81,2839.0,2806.21,2811.63,1549080.3,okx,ETHUSDT,futures
2024-08-04T17:00:00Z,2811.63,2817.82,2616.84,2700.41,7278235.5,okx,ETHUSDT,futures
2024-08-04T18:00:00Z,2700.41,2740.0,2682.66,2729.45,2119513.7,okx,ETHUSDT,futures
2024-08-04T19:00:00Z,2729.4,2768.08,2709.0,2757.25,1707505.4000000006,okx,ETHUSDT,futures
2024-08-04T20:00:00Z,2757.2,2771.82,2734.18,2752.04,897502.7999999998,okx,ETHUSDT,futures
2024-08-04T21:00:00Z,2752.05,2752.95,2725.7,2730.73,616518.0000000001,okx,ETHUSDT,futures
2024-08-04T22:00:00Z,2730.74,2751.91,2718.0,2722.49,838086.1000000001,okx,ETHUSDT,futures
2024-08-04T23:00:00Z,2722.48,2724.54,2681.05,2689.08,1017994.0000000001,okx,ETHUSDT,futures
2024-08-05T00:00:00Z,2689.08,2697.68,2478.0,2526.74,6567117.3,okx,ETHUSDT,futures
2024-08-05T01:00:00Z,2526.64,2540.29,2079.79,2318.9,20458909.900000006,okx,ETHUSDT,futures
2024-08-05T02:00:00Z,2319.02,2339.59,2215.0,2335.05,5940908.599999997,okx,ETHUSDT,futures
2024-08-05T03:00:00Z,2335.06,2345.22,2286.08,2312.88,3173762.4000000004,okx,ETHUSDT,futures
2024-08-05T04:00:00Z,2312.85,2387.0,2307.0,2336.98,2871415.900000001,okx,ETHUSDT,futures
2024-08-05T05:00:00Z,2336.73,2366.0,2261.16,2311.63,5340958.0,okx,ETHUSDT,futures
2024-08-05T06:00:00Z,2311.7,2323.23,2151.71,2268.78,8160163.600000003,okx,ETHUSDT,futures
2024-08-05T07:00:00Z,2268.78,2369.31,2256.95,2357.32,3304533.8000000003,okx,ETHUSDT,futures
2024-08-05T08:00:00Z,2357.38,2363.0,2293.0,2325.87,2793606.6999999997,okx,ETHUSDT,futures
2024-08-05T09:00:00Z,2325.91,2338.23,2275.0,2317.31,2140283.8,okx,ETHUSDT,futures
2024-08-05T10:00:00Z,2317.4,2319.24,2223.19,2272.82,3172451.3000000003,okx,ETHUSDT,futures
2024-08-05T11:00:00Z,2272.76,2302.66,2225.0,2290.59,3400731.7,okx,ETHUSDT,futures
2024-08-05T12:00:00Z,2290.59,2307.52,2196.83,2228.27,3929170.599999998,okx,ETHUSDT,futures
2024-08-05T13:00:00Z,2228.21,2348.99,2180.12,2336.93,5821086.300000001,okx,ETHUSDT,futures
2024-08-05T14:00:00Z,2336.93,2443.0,2336.93,2403.16,4583949.500000001,okx,ETHUSDT,futures
2024-08-05T15:00:00Z,2403.16,2462.21,2380.69,2450.29,2743005.6,okx,ETHUSDT,futures
2024-08-05T16:00:00Z,2450.15,2518.38,2443.25,2453.58,3327165.2999999993,okx,ETHUSDT,futures
2024-08-05T17:00:00Z,2453.58,2494.85,2425.9,2469.8,1815205.9000000004,okx,ETHUSDT,futures
2024-08-05T18:00:00Z,2469.79,2472.91,2371.05,2374.59,1636922.8999999997,okx,ETHUSDT,futures
2024-08-05T19:00:00Z,2374.59,2413.87,2363.05,2405.14,1856454.7000000002,okx,ETHUSDT,futures
2024-08-05T20:00:00Z,2404.92,2443.11,2401.74,2437.2,1168328.5,okx,ETHUSDT,futures
2024-08-05T21:00:00Z,2437.15,2470.0,2421.56,2428.33,784540.9,okx,ETHUSDT,futures
2024-08-05T22:00:00Z,2428.33,2462.93,2418.79,2452.54,637474.5000000002,okx,ETHUSDT,futures
2024-08-05T23:00:00Z,2452.78,2474.95,2410.46,2419.96,900011.3999999998,okx,ETHUSDT,futures
2024-08-06T00:00:00Z,2419.97,2542.58,2415.81,2541.24,2314374.2,okx,ETHUSDT,futures
2024-08-06T01:00:00Z,2541.24,2548.0,2497.8,2516.53,1491577.4,okx,ETHUSDT,futures
2024-08-06T02:00:00Z,2516.62,2523.88,2500.26,2507.67,837254.6,okx,ETHUSDT,futures
2024-08-06T03:00:00Z,2507.66,2508.88,2482.16,2492.12,822882.9,okx,ETHUSDT,futures
2024-08-06T04:00:00Z,2492.12,2504.83,2478.17,2499.75,910731.7999999997,okx,ETHUSDT,futures
2024-08-06T05:00:00Z,2499.67,2526.64,2484.77,2524.33,1062781.7999999998,okx,ETHUSDT,futures
2024-08-06T06:00:00Z,2524.32,2536.0,2500.87,2514.69,1173124.5999999999,okx,ETHUSDT,futures
2024-08-06T07:00:00Z,2514.68,2528.83,2493.73,2523.19,995096.3000000002,okx,ETHUSDT,futures
2024-08-06T08:00:00Z,2523.19,2524.55,2439.49,2460.55,2207827.4000000004,okx,ETHUSDT,futures
2024-08-06T09:00:00Z,2460.56,2471.4,2443.33,2463.29,1153094.8000000005,okx,ETHUSDT,futures
2024-08-06T10:00:00Z,2463.3,2474.88,2446.24,2457.28,930127.1000000001,okx,ETHUSDT,futures
2024-08-06T11:00:00Z,2457.28,2471.0,2442.21,2457.94,984899.7999999999,okx,ETHUSDT,futures
2024-08-06T12:00:00Z,2458.0,2467.8,2426.1,2439.08,1239213.9,okx,ETHUSDT,futures
2024-08-06T13:00:00Z,2439.07,2469.6,2411.31,2452.23,2333845.4,okx,ETHUSDT,futures
2024-08-06T14:00:00Z,2452.23,2556.6,2450.1,2523.51,3984176.000000001,okx,ETHUSDT,futures
2024-08-06T15:00:00Z,2523.52,2533.88,2493.36,2527.19,1383629.5999999996,okx,ETHUSDT,futures
2024-08-06T16:00:00Z,2527.19,2549.4,2510.69,2530.6,1320558.4000000001,okx,ETHUSDT,futures
2024-08-06T17:00:00Z,2530.61,2543.34,2480.9,2483.23,1302067.8999999997,okx,ETHUSDT,futures
2024-08-06T18:00:00Z,2483.01,2520.52,2481.6,2499.8,961209.7000000004,okx,ETHUSDT,futures
2024-08-06T19:00:00Z,2499.81,2515.5,2487.23,2492.86,828759.4000000001,okx,ETHUSDT,futures
2024-08-06T20:00:00Z,2492.87,2503.42,2473.09,2488.64,1094761.6999999997,okx,ETHUSDT,futures
2024-08-06T21:00:00Z,2488.7,2496.0,2474.52,2492.39,431474.89999999985,okx,ETHUSDT,futures
2024-08-06T22:00:00Z,2492.39,2513.66,2456.19,2475.06,1243846.9000000004,okx,ETHUSDT,futures
2024-08-06T23:00:00Z,2475.07,2484.09,2445.02,2461.05,795472.2999999998,okx,ETHUSDT,futures
2024-08-07T00:00:00Z,2461.05,2472.0,2431.31,2458.93,1099810.0000000007,okx,ETHUSDT,futures
2024-08-07T01:00:00Z,2458.95,2504.8,2425.07,2500.0,1676579.7,okx,ETHUSDT,futures
2024-08-07T02:00:00Z,2500.0,2530.0,2480.26,2494.67,1723809.8999999997,okx,ETHUSDT,futures
2024-08-07T03:00:00Z,2494.67,2515.83,2490.21,2506.9,857942.6999999997,okx,ETHUSDT,futures
2024-08-07T04:00:00Z,2506.89,2534.72,2504.0,2516.0,916085.8999999999,okx,ETHUSDT,futures
2024-08-07T05:00:00Z,2516.0,2534.0,2503.01,2504.82,998477.7,okx,ETHUSDT,futures
2024-08-07T06:00:00Z,2504.81,2511.79,2492.08,2499.99,736902.5000000003,okx,ETHUSDT,futures
2024-08-07T07:00:00Z,2499.99,2519.81,2484.13,2510.95,809963.6000000001,okx,ETHUSDT,futures
2024-08-07T08:00:00Z,2510.95,2526.63,2504.23,2524.8,813254.3000000002,okx,ETHUSDT,futures
2024-08-07T09:00:00Z,2524.8,2539.7,2513.0,2517.85,1261510.1999999997,okx,ETHUSDT,futures
2024-08-07T10:00:00Z,2517.85,2553.26,2508.0,2508.17,1179209.4999999998,okx,ETHUSDT,futures
2024-08-07T11:00:00Z,2508.18,2514.65,2471.68,2473.49,1510026.5999999996,okx,ETHUSDT,futures
2024-08-07T12:00:00Z,2473.49,2483.69,2448.35,2469.86,1644812.6,okx,ETHUSDT,futures
2024-08-07T13:00:00Z,2469.61,2487.56,2436.05,2447.81,2052634.8,okx,ETHUSDT,futures
2024-08-07T14:00:00Z,2447.8,2455.55,2364.09,2390.22,4152638.3000000003,okx,ETHUSDT,futures
2024-08-07T15:00:00Z,2390.23,2422.25,2380.0,2412.31,1911605.0000000002,okx,ETHUSDT,futures
2024-08-07T16:00:00Z,2412.31,2415.8,2376.0,2391.2,1433973.9,okx,ETHUSDT,futures
2024-08-07T17:00:00Z,2391.19,2403.55,2355.0,2367.19,1812290.7999999996,okx,ETHUSDT,futures
2024-08-07T18:00:00Z,2367.19,2378.97,2325.04,2344.42,2005044.5999999996,okx,ETHUSDT,futures
2024-08-07T19:00:00Z,2344.27,2362.63,2343.1,2350.65,664538.0000000002,okx,ETHUSDT,futures
2024-08-07T20:00:00Z,2350.64,2369.05,2306.73,2349.29,1626477.3,okx,ETHUSDT,futures
2024-08-07T21:00:00Z,2349.31,2369.6,2334.21,2359.83,562448.3,okx,ETHUSDT,futures
2024-08-07T22:00:00Z,2359.82,2363.08,2313.24,2356.3,842324.3000000002,okx,ETHUSDT,futures
2024-08-07T23:00:00Z,2356.3,2364.87,2331.96,2342.41,599084.8,okx,ETHUSDT,futures
2024-08-08T00:00:00Z,2342.32,2356.92,2320.03,2352.99,1105729.0000000002,okx,ETHUSDT,futures
2024-08-08T01:00:00Z,2353.0,2448.53,2351.44,2439.89,2669347.1000000006,okx,ETHUSDT,futures
2024-08-08T02:00:00Z,2439.88,2466.0,2436.86,2454.8,1416728.4999999998,okx,ETHUSDT,futures
2024-08-08T03:00:00Z,2454.81,2459.0,2429.73,2430.02,822812.6000000001,okx,ETHUSDT,futures
2024-08-08T04:00:00Z,2430.0,2445.25,2418.46,2422.8,696577.0999999997,okx,ETHUSDT,futures
2024-08-08T05:00:00Z,2422.7,2434.98,2419.26,2423.35,638507.7999999999,okx,ETHUSDT,futures
2024-08-08T06:00:00Z,2423.35,2439.74,2411.35,2432.79,644371.3,okx,ETHUSDT,futures
2024-08-08T07:00:00Z,2432.81,2433.45,2411.74,2414.0,717811.4000000001,okx,ETHUSDT,futures
2024-08-08T08:00:00Z,2413.99,2432.76,2406.18,2427.33,591312.8,okx,ETHUSDT,futures
2024-08-08T09:00:00Z,2427.32,2453.41,2414.22,2436.84,955056.3999999999,okx,ETHUSDT,futures
2024-08-08T10:00:00Z,2436.84,2449.6,2425.65,2446.92,679423.5,okx,ETHUSDT,futures
2024-08-08T11:00:00Z,2446.91,2461.56,2440.21,2447.31,744864.8000000003,okx,ETHUSDT,futures
2024-08-08T12:00:00Z,2447.31,2528.58,2439.22,2482.8,2976446.1000000006,okx,ETHUSDT,futures
2024-08-08T13:00:00Z,2482.61,2487.9,2410.05,2433.6,2459794.9999999995,okx,ETHUSDT,futures
2024-08-08T14:00:00Z,2433.61,2506.85,2429.63,2499.15,2208882.4999999995,okx,ETHUSDT,futures
2024-08-08T15:00:00Z,2499.01,2512.98,2480.28,2506.79,1461875.2000000004,okx,ETHUSDT,futures
2024-08-08T16:00:00Z,2506.99,2593.88,2503.73,2585.2,3340169.1999999997,okx,ETHUSDT,futures
2024-08-08T17:00:00Z,2585.19,2611.15,2570.0,2578.82,1592443.0999999992,okx,ETHUSDT,futures
2024-08-08T18:00:00Z,2578.82,2596.11,2575.6,2578.61,500291.4,okx,ETHUSDT,futures
2024-08-08T19:00:00Z,2578.6,2588.52,2565.09,2573.59,614732.1000000003,okx,ETHUSDT,futures
2024-08-08T20:00:00Z,2573.74,2580.99,2567.04,2569.76,303309.2999999999,okx,ETHUSDT,futures
2024-08-08T21:00:00Z,2569.77,2656.47,2569.15,2641.3,1185526.0999999999,okx,ETHUSDT,futures
2024-08-08T22:00:00Z,2641.32,2725.99,2616.61,2707.95,2128524.2999999993,okx,ETHUSDT,futures
2024-08-08T23:00:00Z,2707.71,2723.0,2676.2,2682.83,1380502.6000000003,okx,ETHUSDT,futures
2024-08-09T00:00:00Z,2682.84,2694.89,2651.0,2666.45,1309176.1,okx,ETHUSDT,futures
2024-08-09T01:00:00Z,2666.44,2674.99,2646.42,2670.57,682505.9999999998,okx,ETHUSDT,futures
2024-08-09T02:00:00Z,2670.57,2682.44,2658.57,2669.23,450998.29999999993,okx,ETHUSDT,futures
2024-08-09T03:00:00Z,2669.24,2702.65,2667.37,2694.54,801296.6000000001,okx,ETHUSDT,futures
2024-08-09T04:00:00Z,2694.55,2709.05,2659.0,2659.78,1034885.5000000001,okx,ETHUSDT,futures
2024-08-09T05:00:00Z,2659.79,2679.64,2649.0,2677.66,760089.9000000001,okx,ETHUSDT,futures
2024-08-09T06:00:00Z,2677.67,2704.56,2674.67,2687.75,815125.8999999998,okx,ETHUSDT,futures
2024-08-09T07:00:00Z,2687.74,2700.0,2662.77,2670.57,868213.2,okx,ETHUSDT,futures
2024-08-09T08:00:00Z,2670.58,2675.27,2656.0,2671.31,617605.4999999999,okx,ETHUSDT,futures
2024-08-09T09:00:00Z,2671.29,2681.69,2651.79,2659.01,753774.6,okx,ETHUSDT,futures
2024-08-09T10:00:00Z,2659.0,2661.85,2618.04,2635.16,1635532.2999999998,okx,ETHUSDT,futures
2024-08-09T11:00:00Z,2635.17,2643.24,2618.41,2634.78,620715.9,okx,ETHUSDT,futures
2024-08-09T12:00:00Z,2634.79,2649.36,2605.0,2628.12,1141285.9000000001,okx,ETHUSDT,futures
2024-08-09T13:00:00Z,2628.11,2638.99,2579.01,2616.0,2198625.900000001,okx,ETHUSDT,futures
2024-08-09T14:00:00Z,2616.01,2664.94,2555.0,2591.44,3319285.7999999993,okx,ETHUSDT,futures
2024-08-09T15:00:00Z,2591.44,2605.61,2556.6,2558.27,1332326.2999999996,okx,ETHUSDT,futures
2024-08-09T16:00:00Z,2558.28,2595.77,2552.22,2593.31,1040529.1000000001,okx,ETHUSDT,futures
2024-08-09T17:00:00Z,2593.33,2609.55,2584.87,2590.46,685238.2999999999,okx,ETHUSDT,futures
2024-08-09T18:00:00Z,2590.51,2597.15,2574.0,2586.8,469507.0999999999,okx,ETHUSDT,futures
2024-08-09T19:00:00Z,2586.79,2600.63,2577.56,2590.61,287703.19999999995,okx,ETHUSDT,futures
2024-08-09T20:00:00Z,2590.62,2607.82,2587.07,2593.02,347515.90000000014,okx,ETHUSDT,futures
2024-08-09T21:00:00Z,2592.98,2606.8,2561.56,2602.01,721321.3,okx,ETHUSDT,futures
2024-08-09T22:00:00Z,2602.0,2613.67,2584.5,2598.19,489618.0000000001,okx,ETHUSDT,futures
2024-08-09T23:00:00Z,2598.2,2602.78,2574.1,2598.71,380701.4,okx,ETHUSDT,futures
2024-08-10T00:00:00Z,2598.71,2646.0,2576.0,2584.57,1182862.6,okx,ETHUSDT,futures
2024-08-10T01:00:00Z,2584.56,2612.4,2580.24,2600.01,611961.0999999999,okx,ETHUSDT,futures
2024-08-10T02:00:00Z,2600.01,2614.72,2592.12,2603.96,330060.39999999997,okx,ETHUSDT,futures
2024-08-10T03:00:00Z,2603.96,2607.22,2592.48,2602.25,244299.7,okx,ETHUSDT,futures
2024-08-10T04:00:00Z,2602.25,2604.6,2588.3,2599.8,241299.29999999996,okx,ETHUSDT,futures
2024-08-10T05:00:00Z,2599.81,2610.0,2594.23,2605.99,240567.00000000003,okx,ETHUSDT,futures
2024-08-10T06:00:00Z,2606.0,2625.98,2603.58,2619.73,436861.3000000001,okx,ETHUSDT,futures
2024-08-10T07:00:00Z,2619.73,2639.82,2618.62,2633.8,516971.59999999986,okx,ETHUSDT,futures
2024-08-10T08:00:00Z,2633.8,2640.86,2622.6,2629.45,448493.60000000015,okx,ETHUSDT,futures
2024-08-10T09:00:00Z,2629.45,2640.82,2625.62,2632.44,382408.4,okx,ETHUSDT,futures
2024-08-10T10:00:00Z,2632.46,2639.25,2624.13,2629.8,262598.29999999993,okx,ETHUSDT,futures
2024-08-10T11:00:00Z,2629.62,2643.88,2628.01,2636.86,281134.7,okx,ETHUSDT,futures
2024-08-10T12:00:00Z,2636.87,2637.89,2628.21,2630.58,180941.50000000006,okx,ETHUSDT,futures
2024-08-10T13:00:00Z,2630.57,2631.89,2606.0,2609.4,763529.0000000001,okx,ETHUSDT,futures
2024-08-10T14:00:00Z,2609.39,2618.75,2603.31,2610.63,392005.00000000006,okx,ETHUSDT,futures
2024-08-10T15:00:00Z,2610.64,2623.97,2596.6,2599.73,519883.6999999999,okx,ETHUSDT,futures
2024-08-10T16:00:00Z,2599.78,2609.87,2589.67,2607.48,630895.2000000001,okx,ETHUSDT,futures
2024-08-10T17:00:00Z,2607.49,2616.72,2600.05,2611.0,233845.0,okx,ETHUSDT,futures
2024-08-10T18:00:00Z,2611.0,2623.0,2599.36,2601.19,563483.8999999999,okx,ETHUSDT,futures
2024-08-10T19:00:00Z,2601.19,2611.8,2595.15,2602.86,231049.89999999988,okx,ETHUSDT,futures
2024-08-10T20:00:00Z,2602.85,2608.01,2596.35,2605.0,138644.4,okx,ETHUSDT,futures
2024-08-10T21:00:00Z,2605.0,2618.4,2604.16,2613.29,175428.8,okx,ETHUSDT,futures
2024-08-10T22:00:00Z,2613.28,2613.71,2604.23,2606.44,114277.80000000002,okx,ETHUSDT,futures
2024-08-10T23:00:00Z,2606.45,2610.5,2599.71,2610.31,127258.10000000003,okx,ETHUSDT,futures
2024-08-11T00:00:00Z,2610.31,2629.98,2606.09,2624.5,526536.6,okx,ETHUSDT,futures
2024-08-11T01:00:00Z,2624.5,2632.0,2617.94,2629.4,281122.5999999999,okx,ETHUSDT,futures
2024-08-11T02:00:00Z,2629.4,2631.56,2622.1,2624.99,187460.69999999998,okx,ETHUSDT,futures
2024-08-11T03:00:00Z,2625.0,2675.12,2625.0,2646.66,1383365.8000000005,okx,ETHUSDT,futures
2024-08-11T04:00:00Z,2646.66,2655.0,2633.41,2644.69,568171.5,okx,ETHUSDT,futures
2024-08-11T05:00:00Z,2644.69,2666.8,2643.2,2660.91,328030.60000000003,okx,ETHUSDT,futures
2024-08-11T06:00:00Z,2660.91,2665.98,2651.27,2659.4,441479.99999999994,okx,ETHUSDT,futures
2024-08-11T07:00:00Z,2659.63,2683.98,2659.63,2677.49,685872.0,okx,ETHUSDT,futures
2024-08-11T08:00:00Z,2677.5,2698.34,2673.84,2685.6,795794.1000000001,okx,ETHUSDT,futures
2024-08-11T09:00:00Z,2685.6,2720.0,2681.64,2684.12,1516647.0999999996,okx,ETHUSDT,futures
2024-08-11T10:00:00Z,2684.13,2696.51,2674.24,2676.12,722402.2999999998,okx,ETHUSDT,futures
2024-08-11T11:00:00Z,2676.12,2678.0,2645.0,2653.11,1439606.2000000002,okx,ETHUSDT,futures
2024-08-11T12:00:00Z,2653.12,2656.71,2625.23,2638.21,1080853.5999999999,okx,ETHUSDT,futures
2024-08-11T13:00:00Z,2638.21,2645.84,2616.19,2638.75,806834.6000000002,okx,ETHUSDT,futures
2024-08-11T14:00:00Z,2638.76,2652.95,2603.24,2615.01,1188043.5999999999,okx,ETHUSDT,futures
2024-08-11T15:00:00Z,2615.0,2623.94,2594.0,2614.0,1041590.8999999999,okx,ETHUSDT,futures
2024-08-11T16:00:00Z,2614.0,2640.5,2603.55,2626.1,755761.4,okx,ETHUSDT,futures
2024-08-11T17:00:00Z,2626.11,2643.55,2617.4,2636.29,592413.4999999998,okx,ETHUSDT,futures
2024-08-11T18:00:00Z,2636.3,2646.67,2627.65,2639.02,472658.6,okx,ETHUSDT,futures
2024-08-11T19:00:00Z,2639.02,2640.0,2595.96,2599.42,938379.9999999999,okx,ETHUSDT,futures
2024-08-11T20:00:00Z,2599.42,2603.44,2539.61,2557.41,2104411.1999999993,okx,ETHUSDT,futures
2024-08-11T21:00:00Z,2557.4,2585.66,2543.68,2581.16,877191.9999999998,okx,ETHUSDT,futures
2024-08-11T22:00:00Z,2581.12,2596.14,2540.06,2567.48,891156.8999999999,okx,ETHUSDT,futures
2024-08-11T23:00:00Z,2567.48,2568.0,2551.96,2555.82,355276.39999999985,okx,ETHUSDT,futures
2024-08-12T00:00:00Z,2555.81,2578.4,2505.0,2537.39,1689840.6999999995,okx,ETHUSDT,futures
2024-08-12T01:00:00Z,2537.4,2559.99,2528.89,2549.41,640864.3,okx,ETHUSDT,futures
2024-08-12T02:00:00Z,2549.41,2554.25,2534.38,2551.59,505665.7000000002,okx,ETHUSDT,futures
2024-08-12T03:00:00Z,2551.6,2558.0,2531.0,2541.38,535029.5,okx,ETHUSDT,futures
2024-08-12T04:00:00Z,2541.38,2552.0,2535.04,2538.99,411298.2,okx,ETHUSDT,futures
2024-08-12T05:00:00Z,2538.99,2555.0,2534.58,2553.8,478796.2,okx,ETHUSDT,futures
2024-08-12T06:00:00Z,2553.81,2562.32,2541.24,2552.38,480333.3,okx,ETHUSDT,futures
2024-08-12T07:00:00Z,2552.38,2582.89,2516.11,2566.84,1582647.2000000002,okx,ETHUSDT,futures
2024-08-12T08:00:00Z,2566.84,2597.37,2558.0,2563.18,1199046.5999999996,okx,ETHUSDT,futures
2024-08-12T09:00:00Z,2563.18,2599.39,2562.29,2595.98,870787.0999999999,okx,ETHUSDT,futures
2024-08-12T10:00:00Z,2595.97,2643.89,2587.46,2641.1,1644791.5999999994,okx,ETHUSDT,futures
2024-08-12T11:00:00Z,2641.09,2684.0,2635.59,2673.39,1706982.7999999998,okx,ETHUSDT,futures
2024-08-12T12:00:00Z,2673.39,2700.55,2665.67,2685.2,1251051.5,okx,ETHUSDT,futures
2024-08-12T13:00:00Z,2685.2,2704.94,2603.0,2615.03,2623256.3,okx,ETHUSDT,futures
2024-08-12T14:00:00Z,2615.04,2724.0,2592.0,2702.63,3951296.0,okx,ETHUSDT,futures
2024-08-12T15:00:00Z,2702.62,2712.0,2646.0,2689.49,2302197.1,okx,ETHUSDT,futures
2024-08-12T16:00:00Z,2689.49,2699.05,2663.44,2668.81,1026719.2,okx,ETHUSDT,futures
2024-08-12T17:00:00Z,2668.81,2679.95,2654.01,2655.02,586703.0999999999,okx,ETHUSDT,futures
2024-08-12T18:00:00Z,2655.22,2675.85,2626.16,2632.78,837657.0,okx,ETHUSDT,futures
2024-08-12T19:00:00Z,2632.8,2664.45,2632.8,2660.41,525213.8,okx,ETHUSDT,futures
2024-08-12T20:00:00Z,2660.41,2706.41,2658.67,2681.08,835898.3,okx,ETHUSDT,futures
2024-08-12T21:00:00Z,2681.08,2694.0,2657.41,2683.81,515203.80000000005,okx,ETHUSDT,futures
2024-08-12T22:00:00Z,2683.82,2706.43,2681.37,2696.36,526351.4999999999,okx,ETHUSDT,futures
2024-08-12T23:00:00Z,2696.2,2751.96,2695.0,2722.53,1517133.9,okx,ETHUSDT,futures
2024-08-13T00:00:00Z,2722.52,2730.53,2704.07,2718.39,749658.8999999999,okx,ETHUSDT,futures
2024-08-13T01:00:00Z,2718.39,2734.24,2706.25,2732.74,478932.8,okx,ETHUSDT,futures
2024-08-13T02:00:00Z,2732.74,2738.44,2691.27,2714.48,846265.5999999996,okx,ETHUSDT,futures
2024-08-13T03:00:00Z,2714.44,2715.79,2649.23,2655.99,1916846.0999999999,okx,ETHUSDT,futures
2024-08-13T04:00:00Z,2655.98,2662.55,2641.62,2660.09,751329.9999999998,okx,ETHUSDT,futures
2024-08-13T05:00:00Z,2660.01,2664.33,2650.44,2652.56,347297.39999999997,okx,ETHUSDT,futures
2024-08-13T06:00:00Z,2652.57,2658.9,2635.11,2654.71,688015.5999999999,okx,ETHUSDT,futures
2024-08-13T07:00:00Z,2654.71,2662.38,2642.2,2648.45,493318.0000000002,okx,ETHUSDT,futures
2024-08-13T08:00:00Z,2648.45,2658.65,2633.0,2643.01,557193.7999999997,okx,ETHUSDT,futures
2024-08-13T09:00:00Z,2643.0,2647.53,2627.25,2641.78,644654.3999999999,okx,ETHUSDT,futures
2024-08-13T10:00:00Z,2641.79,2644.92,2607.0,2633.42,1043421.2999999998,okx,ETHUSDT,futures
2024-08-13T11:00:00Z,2633.43,2649.15,2629.71,2644.18,440496.00000000006,okx,ETHUSDT,futures
2024-08-13T12:00:00Z,2644.17,2664.56,2633.1,2649.71,1142036.8000000003,okx,ETHUSDT,futures
2024-08-13T13:00:00Z,2649.67,2677.23,2635.18,2668.86,1065814.8,okx,ETHUSDT,futures
2024-08-13T14:00:00Z,2668.85,2674.49,2630.03,2662.34,1234034.0000000005,okx,ETHUSDT,futures
2024-08-13T15:00:00Z,2662.34,2664.55,2643.33,2652.0,453809.4000000002,okx,ETHUSDT,futures
2024-08-13T16:00:00Z,2652.0,2718.16,2649.95,2715.41,1537302.4000000001,okx,ETHUSDT,futures
2024-08-13T17:00:00Z,2715.41,2731.75,2701.57,2712.99,1416097.3,okx,ETHUSDT,futures
2024-08-13T18:00:00Z,2712.99,2714.21,2686.49,2697.41,838992.6,okx,ETHUSDT,futures
2024-08-13T19:00:00Z,2697.41,2718.59,2674.25,2710.98,996506.2,okx,ETHUSDT,futures
2024-08-13T20:00:00Z,2710.98,2715.24,2697.44,2698.39,343393.9999999999,okx,ETHUSDT,futures
2024-08-13T21:00:00Z,2698.39,2730.99,2694.14,2730.58,357710.3,okx,ETHUSDT,futures
2024-08-13T22:00:00Z,2730.66,2734.76,2707.62,2713.88,396676.2999999999,okx,ETHUSDT,futures
2024-08-13T23:00:00Z,2713.87,2714.0,2692.34,2702.53,342752.5,okx,ETHUSDT,futures
2024-08-14T00:00:00Z,2702.53,2717.54,2693.12,2715.53,366372.1,okx,ETHUSDT,futures
2024-08-14T01:00:00Z,2715.54,2720.0,2689.28,2690.47,433175.9,okx,ETHUSDT,futures
2024-08-14T02:00:00Z,2690.48,2713.9,2685.3,2708.79,488509.5,okx,ETHUSDT,futures
2024-08-14T03:00:00Z,2708.79,2725.98,2704.6,2709.47,593246.8000000002,okx,ETHUSDT,futures
2024-08-14T04:00:00Z,2709.46,2724.3,2707.74,2720.26,362962.70000000007,okx,ETHUSDT,futures
2024-08-14T05:00:00Z,2720.27,2746.26,2715.0,2723.73,902014.7000000001,okx,ETHUSDT,futures
2024-08-14T06:00:00Z,2723.73,2751.84,2716.31,2727.61,955165.0999999997,okx,ETHUSDT,futures
2024-08-14T07:00:00Z,2727.6,2729.37,2717.65,2727.33,454168.7,okx,ETHUSDT,futures
2024-08-14T08:00:00Z,2727.34,2736.99,2713.66,2725.9,676823.0999999999,okx,ETHUSDT,futures
2024-08-14T09:00:00Z,2725.91,2730.54,2719.18,2721.63,323036.4,okx,ETHUSDT,futures
2024-08-14T10:00:00Z,2721.62,2764.44,2720.41,2742.68,1376429.2000000002,okx,ETHUSDT,futures
2024-08-14T11:00:00Z,2742.68,2756.0,2725.03,2749.68,1085944.9,okx,ETHUSDT,futures
2024-08-14T12:00:00Z,2749.69,2785.13,2720.1,2731.98,2465176.7999999993,okx,ETHUSDT,futures
2024-08-14T13:00:00Z,2731.98,2739.36,2650.26,2659.4,3144788.0999999996,okx,ETHUSDT,futures
2024-08-14T14:00:00Z,2659.13,2669.45,2632.0,2653.7,2499711.2999999993,okx,ETHUSDT,futures
2024-08-14T15:00:00Z,2653.69,2685.99,2637.66,2673.66,1573947.3,okx,ETHUSDT,futures
2024-08-14T16:00:00Z,2673.9,2673.91,2640.43,2663.8,1364901.1000000003,okx,ETHUSDT,futures
2024-08-14T17:00:00Z,2663.79,2672.17,2650.7,2658.14,444709.39999999997,okx,ETHUSDT,futures
2024-08-14T18:00:00Z,2658.13,2668.69,2646.67,2659.11,344178.2,okx,ETHUSDT,futures
2024-08-14T19:00:00Z,2659.1,2672.46,2651.08,2669.03,312501.6,okx,ETHUSDT,futures
2024-08-14T20:00:00Z,2669.02,2678.99,2666.24,2676.39,294356.8,okx,ETHUSDT,futures
2024-08-14T21:00:00Z,2676.38,2681.95,2662.67,2663.92,262466.1,okx,ETHUSDT,futures
2024-08-14T22:00:00Z,2663.92,2671.07,2640.45,2669.99,585076.4000000003,okx,ETHUSDT,futures
2024-08-14T23:00:00Z,2670.0,2674.75,2660.33,2661.13,211964.49999999994,okx,ETHUSDT,futures
2024-08-15T00:00:00Z,2661.13,2674.01,2654.6,2666.54,420830.6000000001,okx,ETHUSDT,futures
2024-08-15T01:00:00Z,2666.53,2667.57,2637.37,2644.15,712547.8999999999,okx,ETHUSDT,futures
2024-08-15T02:00:00Z,2644.16,2663.0,2633.43,2648.58,926092.1999999998,okx,ETHUSDT,futures
2024-08-15T03:00:00Z,2648.85,2656.33,2647.0,2652.63,180986.6,okx,ETHUSDT,futures
2024-08-15T04:00:00Z,2652.64,2655.0,2642.59,2652.5,338038.20000000007,okx,ETHUSDT,futures
2024-08-15T05:00:00Z,2652.5,2656.78,2632.0,2637.38,782811.9999999999,okx,ETHUSDT,futures
2024-08-15T06:00:00Z,2637.39,2641.63,2610.0,2624.18,1282098.8000000003,okx,ETHUSDT,futures
2024-08-15T07:00:00Z,2624.17,2625.0,2588.03,2614.79,1319903.2999999998,okx,ETHUSDT,futures
2024-08-15T08:00:00Z,2614.78,2622.14,2605.35,2621.52,528332.0,okx,ETHUSDT,futures
2024-08-15T09:00:00Z,2621.98,2630.84,2617.54,2623.22,529087.8,okx,ETHUSDT,futures
2024-08-15T10:00:00Z,2623.21,2626.59,2614.22,2618.01,334998.0,okx,ETHUSDT,futures
2024-08-15T11:00:00Z,2618.01,2644.24,2617.07,2637.69,612810.8000000002,okx,ETHUSDT,futures
2024-08-15T12:00:00Z,2637.68,2670.26,2633.07,2641.56,1446378.5999999999,okx,ETHUSDT,futures
2024-08-15T13:00:00Z,2641.57,2668.53,2633.03,2662.54,973719.7000000002,okx,ETHUSDT,futures
2024-08-15T14:00:00Z,2662.51,2669.3,2646.2,2654.23,876944.0,okx,ETHUSDT,futures
2024-08-15T15:00:00Z,2654.22,2676.05,2646.81,2668.61,1089031.8,okx,ETHUSDT,futures
2024-08-15T16:00:00Z,2668.51,2675.28,2652.2,2657.9,641483.6000000001,okx,ETHUSDT,futures
2024-08-15T17:00:00Z,2657.89,2660.71,2602.34,2613.91,1054470.5,okx,ETHUSDT,futures
2024-08-15T18:00:00Z,2613.94,2613.94,2541.0,2553.72,3440625.6999999993,okx,ETHUSDT,futures
2024-08-15T19:00:00Z,2553.71,2557.97,2521.0,2549.51,1924726.0,okx,ETHUSDT,futures
2024-08-15T20:00:00Z,2549.4,2551.28,2515.13,2549.99,995444.0,okx,ETHUSDT,futures
2024-08-15T21:00:00Z,2550.0,2573.09,2533.2,2572.08,893993.2999999997,okx,ETHUSDT,futures
2024-08-15T22:00:00Z,2572.08,2589.64,2560.05,2576.5,678016.0000000002,okx,ETHUSDT,futures
2024-08-15T23:00:00Z,2576.3,2581.79,2566.35,2570.18,393442.1999999999,okx,ETHUSDT,futures
2024-08-16T00:00:00Z,2570.17,2579.72,2566.06,2572.93,305642.3,okx,ETHUSDT,futures
2024-08-16T01:00:00Z,2572.94,2579.29,2551.46,2572.59,524387.9,okx,ETHUSDT,futures
2024-08-16T02:00:00Z,2572.59,2610.0,2561.3,2594.4,1204519.2999999998,okx,ETHUSDT,futures
2024-08-16T03:00:00Z,2594.39,2594.4,2576.56,2580.4,466434.19999999984,okx,ETHUSDT,futures
2024-08-16T04:00:00Z,2580.39,2597.82,2578.2,2596.98,381798.7999999999,okx,ETHUSDT,futures
2024-08-16T05:00:00Z,2596.97,2604.46,2591.0,2596.4,492773.2999999998,okx,ETHUSDT,futures
2024-08-16T06:00:00Z,2596.41,2628.48,2592.98,2626.16,983198.0000000002,okx,ETHUSDT,futures
2024-08-16T07:00:00Z,2626.16,2629.16,2613.0,2617.2,524908.7000000001,okx,ETHUSDT,futures
2024-08-16T08:00:00Z,2617.19,2625.55,2610.15,2617.96,484554.39999999997,okx,ETHUSDT,futures
2024-08-16T09:00:00Z,2617.97,2626.5,2612.0,2625.99,441638.19999999995,okx,ETHUSDT,futures
2024-08-16T10:00:00Z,2626.0,2626.4,2611.48,2617.68,336977.80000000005,okx,ETHUSDT,futures
2024-08-16T11:00:00Z,2617.68,2625.0,2605.73,2612.35,663181.3999999998,okx,ETHUSDT,futures
2024-08-16T12:00:00Z,2612.35,2617.37,2561.2,2575.61,2006497.3999999994,okx,ETHUSDT,futures
2024-08-16T13:00:00Z,2575.62,2620.0,2566.59,2594.11,2474108.9999999995,okx,ETHUSDT,futures
2024-08-16T14:00:00Z,2594.05,2601.38,2571.6,2582.13,1344403.4999999995,okx,ETHUSDT,futures
2024-08-16T15:00:00Z,2582.23,2593.72,2550.0,2568.89,1416906.5999999999,okx,ETHUSDT,futures
2024-08-16T16:00:00Z,2568.88,2611.96,2563.93,2594.7,1464608.7000000004,okx,ETHUSDT,futures
2024-08-16T17:00:00Z,2594.71,2615.98,2568.93,2611.6,1074256.2000000002,okx,ETHUSDT,futures
2024-08-16T18:00:00Z,2611.61,2631.58,2603.71,2614.35,1353613.2999999993,okx,ETHUSDT,futures
2024-08-16T19:00:00Z,2614.41,2629.54,2612.5,2620.68,554844.0,okx,ETHUSDT,futures
2024-08-16T20:00:00Z,2620.7,2626.37,2607.19,2608.32,590987.9000000003,okx,ETHUSDT,futures
2024-08-16T21:00:00Z,2608.31,2612.54,2591.42,2600.99,364443.9999999998,okx,ETHUSDT,futures
2024-08-16T22:00:00Z,2600.99,2605.96,2593.75,2595.57,171180.4,okx,ETHUSDT,futures
2024-08-16T23:00:00Z,2595.56,2599.53,2586.35,2592.94,232661.19999999998,okx,ETHUSDT,futures
2024-08-17T00:00:00Z,2592.93,2602.7,2587.23,2599.7,247682.10000000003,okx,ETHUSDT,futures
2024-08-17T01:00:00Z,2599.71,2608.94,2596.12,2603.77,285379.59999999986,okx,ETHUSDT,futures
2024-08-17T02:00:00Z,2603.78,2608.2,2596.63,2598.75,195414.5,okx,ETHUSDT,futures
2024-08-17T03:00:00Z,2598.75,2600.6,2588.3,2596.08,223067.8,okx,ETHUSDT,futures
2024-08-17T04:00:00Z,2596.07,2603.25,2592.52,2601.31,171035.59999999995,okx,ETHUSDT,futures
2024-08-17T05:00:00Z,2601.3,2602.67,2596.25,2601.1,114221.7,okx,ETHUSDT,futures
2024-08-17T06:00:00Z,2601.09,2603.92,2595.91,2596.81,209789.20000000004,okx,ETHUSDT,futures
2024-08-17T07:00:00Z,2596.81,2600.6,2590.8,2600.06,213942.6,okx,ETHUSDT,futures
2024-08-17T08:00:00Z,2600.06,2602.25,2594.48,2601.7,149550.09999999998,okx,ETHUSDT,futures
2024-08-17T09:00:00Z,2601.7,2607.5,2597.0,2603.88,301039.69999999995,okx,ETHUSDT,futures
2024-08-17T10:00:00Z,2603.89,2606.0,2595.55,2596.86,192381.10000000003,okx,ETHUSDT,futures
2024-08-17T11:00:00Z,2596.85,2601.58,2592.82,2599.03,173195.3,okx,ETHUSDT,futures
2024-08-17T12:00:00Z,2599.02,2604.69,2596.42,2602.7,201028.70000000004,okx,ETHUSDT,futures
2024-08-17T13:00:00Z,2602.7,2614.2,2599.21,2604.55,513821.60000000003,okx,ETHUSDT,futures
2024-08-17T14:00:00Z,2604.54,2616.63,2599.02,2613.4,393794.69999999995,okx,ETHUSDT,futures
2024-08-17T15:00:00Z,2613.48,2618.73,2605.0,2606.84,408403.09999999986,okx,ETHUSDT,futures
2024-08-17T16:00:00Z,2606.83,2628.0,2606.83,2620.0,425294.99999999994,okx,ETHUSDT,futures
2024-08-17T17:00:00Z,2620.0,2627.42,2614.44,2615.29,373186.00000000006,okx,ETHUSDT,futures
2024-08-17T18:00:00Z,2615.29,2618.41,2607.08,2610.9,281846.6,okx,ETHUSDT,futures
2024-08-17T19:00:00Z,2610.89,2616.96,2608.22,2615.19,153426.10000000003,okx,ETHUSDT,futures
2024-08-17T20:00:00Z,2615.19,2618.16,2610.15,2614.28,160167.09999999995,okx,ETHUSDT,futures
2024-08-17T21:00:00Z,2614.29,2617.41,2598.61,2607.6,299217.3999999999,okx,ETHUSDT,futures
2024-08-17T22:00:00Z,2607.6,2614.96,2606.81,2609.0,170404.10000000003,okx,ETHUSDT,futures
2024-08-17T23:00:00Z,2609.0,2614.92,2607.0,2614.71,114675.19999999998,okx,ETHUSDT,futures
2024-08-18T00:00:00Z,2614.53,2624.18,2610.9,2616.93,235251.60000000006,okx,ETHUSDT,futures
2024-08-18T01:00:00Z,2616.92,2620.0,2605.6,2608.95,250256.49999999997,okx,ETHUSDT,futures
2024-08-18T02:00:00Z,2608.95,2639.09,2605.11,2631.27,695432.6000000001,okx,ETHUSDT,futures
2024-08-18T03:00:00Z,2631.27,2639.47,2606.0,2606.89,797846.9999999997,okx,ETHUSDT,futures
2024-08-18T04:00:00Z,2606.9,2609.08,2594.28,2603.13,630652.2999999998,okx,ETHUSDT,futures
2024-08-18T05:00:00Z,2603.01,2612.11,2599.42,2602.83,401570.60000000003,okx,ETHUSDT,futures
2024-08-18T06:00:00Z,2602.83,2608.86,2601.23,2606.78,125947.69999999998,okx,ETHUSDT,futures
2024-08-18T07:00:00Z,2606.78,2609.4,2602.47,2608.03,190180.30000000008,okx,ETHUSDT,futures
2024-08-18T08:00:00Z,2608.02,2620.5,2605.64,2617.28,457281.6,okx,ETHUSDT,futures
2024-08-18T09:00:00Z,2617.29,2668.0,2615.68,2644.88,1481427.9000000001,okx,ETHUSDT,futures
2024-08-18T10:00:00Z,2644.88,2664.39,2643.92,2644.18,1121793.7,okx,ETHUSDT,futures
2024-08-18T11:00:00Z,2644.17,2652.9,2642.22,2649.48,423867.4000000001,okx,ETHUSDT,futures
2024-08-18T12:00:00Z,2649.47,2688.71,2643.01,2666.58,1173598.5999999994,okx,ETHUSDT,futures
2024-08-18T13:00:00Z,2666.59,2683.59,2660.76,2661.39,691000.3,okx,ETHUSDT,futures
2024-08-18T14:00:00Z,2661.38,2670.74,2654.07,2663.74,526793.1999999998,okx,ETHUSDT,futures
2024-08-18T15:00:00Z,2663.74,2674.21,2659.43,2672.39,285315.99999999994,okx,ETHUSDT,futures
2024-08-18T16:00:00Z,2672.4,2678.8,2666.56,2668.79,325984.00000000006,okx,ETHUSDT,futures
2024-08-18T17:00:00Z,2668.79,2670.67,2643.53,2651.14,810932.0000000002,okx,ETHUSDT,futures
2024-08-18T18:00:00Z,2651.14,2661.77,2647.43,2660.5,209879.90000000002,okx,ETHUSDT,futures
2024-08-18T19:00:00Z,2660.49,2670.82,2658.21,2668.21,239646.09999999995,okx,ETHUSDT,futures
2024-08-18T20:00:00Z,2668.22,2670.69,2663.24,2665.79,149600.79999999996,okx,ETHUSDT,futures
2024-08-18T21:00:00Z,2665.79,2665.8,2636.81,2643.61,306663.69999999995,okx,ETHUSDT,futures
2024-08-18T22:00:00Z,2643.61,2658.39,2642.46,2646.89,343120.8999999999,okx,ETHUSDT,futures
2024-08-18T23:00:00Z,2646.89,2648.75,2610.0,2612.65,1153286.5000000002,okx,ETHUSDT,futures
2024-08-19T00:00:00Z,2612.65,2629.0,2603.65,2612.9,977193.6999999998,okx,ETHUSDT,futures
2024-08-19T01:00:00Z,2612.89,2639.73,2611.08,2631.37,845725.2000000001,okx,ETHUSDT,futures
2024-08-19T02:00:00Z,2631.34,2644.36,2626.69,2639.05,511249.2000000002,okx,ETHUSDT,futures
2024-08-19T03:00:00Z,2639.06,2647.78,2635.58,2644.55,493341.9,okx,ETHUSDT,futures
2024-08-19T04:00:00Z,2644.55,2648.6,2631.56,2636.62,359860.79999999993,okx,ETHUSDT,futures
2024-08-19T05:00:00Z,2636.62,2638.87,2620.16,2625.85,507025.3,okx,ETHUSDT,futures
2024-08-19T06:00:00Z,2625.86,2633.83,2619.01,2625.46,500600.8,okx,ETHUSDT,futures
2024-08-19T07:00:00Z,2625.45,2632.5,2610.0,2614.41,645045.9999999999,okx,ETHUSDT,futures
2024-08-19T08:00:00Z,2614.42,2622.7,2610.89,2615.41,376219.4999999998,okx,ETHUSDT,futures
2024-08-19T09:00:00Z,2615.5,2622.3,2567.89,2580.01,1686726.7,okx,ETHUSDT,futures
2024-08-19T10:00:00Z,2580.0,2585.97,2567.0,2576.54,1099189.4000000001,okx,ETHUSDT,futures
2024-08-19T11:00:00Z,2576.53,2592.3,2570.1,2587.83,647197.6000000001,okx,ETHUSDT,futures
2024-08-19T12:00:00Z,2587.83,2593.69,2579.2,2585.59,506945.39999999997,okx,ETHUSDT,futures
2024-08-19T13:00:00Z,2585.59,2605.32,2562.65,2570.22,1577349.7999999998,okx,ETHUSDT,futures
2024-08-19T14:00:00Z,2570.22,2585.54,2567.0,2584.84,974867.8999999997,okx,ETHUSDT,futures
2024-08-19T15:00:00Z,2584.84,2592.87,2578.29,2584.28,649345.7000000002,okx,ETHUSDT,futures
2024-08-19T16:00:00Z,2584.28,2589.35,2573.47,2585.0,555863.9,okx,ETHUSDT,futures
2024-08-19T17:00:00Z,2584.99,2631.73,2577.57,2607.07,1662959.7999999996,okx,ETHUSDT,futures
2024-08-19T18:00:00Z,2606.9,2616.47,2590.47,2608.56,646813.9,okx,ETHUSDT,futures
2024-08-19T19:00:00Z,2608.56,2613.77,2601.44,2606.76,466993.7,okx,ETHUSDT,futures
2024-08-19T20:00:00Z,2606.76,2626.27,2603.91,2615.41,512681.0999999999,okx,ETHUSDT,futures
2024-08-19T21:00:00Z,2615.37,2625.37,2612.39,2615.04,260031.4,okx,ETHUSDT,futures
2024-08-19T22:00:00Z,2615.02,2626.87,2615.02,2622.66,235853.6,okx,ETHUSDT,futures
2024-08-19T23:00:00Z,2622.66,2641.76,2615.75,2636.27,538698.0999999999,okx,ETHUSDT,futures
2024-08-20T00:00:00Z,2636.22,2670.0,2617.13,2658.99,1543936.0000000002,okx,ETHUSDT,futures
2024-08-20T01:00:00Z,2658.99,2678.0,2649.2,2651.93,849142.8999999997,okx,ETHUSDT,futures
2024-08-20T02:00:00Z,2651.93,2656.83,2644.46,2654.55,380699.60000000003,okx,ETHUSDT,futures
2024-08-20T03:00:00Z,2654.56,2663.02,2651.2,2662.74,365655.4999999999,okx,ETHUSDT,futures
2024-08-20T04:00:00Z,2662.73,2672.0,2657.46,2664.35,669876.9,okx,ETHUSDT,futures
2024-08-20T05:00:00Z,2664.49,2695.72,2664.26,2684.1,1199523.9000000004,okx,ETHUSDT,futures
2024-08-20T06:00:00Z,2684.09,2685.59,2672.28,2675.82,701187.0,okx,ETHUSDT,futures
2024-08-20T07:00:00Z,2675.83,2678.59,2669.03,2675.53,442279.1,okx,ETHUSDT,futures
2024-08-20T08:00:00Z,2675.46,2676.43,2657.36,2660.83,617318.4999999997,okx,ETHUSDT,futures
2024-08-20T09:00:00Z,2660.82,2666.6,2656.09,2660.6,360047.40000000014,okx,ETHUSDT,futures
2024-08-20T10:00:00Z,2660.59,2663.68,2652.3,2656.24,359560.0,okx,ETHUSDT,futures
2024-08-20T11:00:00Z,2656.24,2658.2,2640.0,2642.75,737113.3999999999,okx,ETHUSDT,futures
2024-08-20T12:00:00Z,2642.74,2657.64,2641.04,2646.39,663865.7000000001,okx,ETHUSDT,futures
2024-08-20T13:00:00Z,2646.38,2650.91,2624.15,2645.69,1498074.8,okx,ETHUSDT,futures
2024-08-20T14:00:00Z,2645.69,2646.78,2583.9,2585.42,2701037.9000000004,okx,ETHUSDT,futures
2024-08-20T15:00:00Z,2585.42,2585.98,2554.1,2574.71,2708701.899999999,okx,ETHUSDT,futures
2024-08-20T16:00:00Z,2574.91,2583.0,2565.5,2574.42,724967.9999999999,okx,ETHUSDT,futures
2024-08-20T17:00:00Z,2574.4,2593.89,2570.04,2589.49,458849.99999999994,okx,ETHUSDT,futures
2024-08-20T18:00:00Z,2589.49,2603.0,2584.68,2590.52,902408.8000000002,okx,ETHUSDT,futures
2024-08-20T19:00:00Z,2590.51,2606.61,2589.0,2601.93,318200.10000000003,okx,ETHUSDT,futures
2024-08-20T20:00:00Z,2601.92,2609.77,2589.4,2590.21,321976.19999999995,okx,ETHUSDT,futures
2024-08-20T21:00:00Z,2590.21,2591.55,2564.16,2584.18,678765.1999999997,okx,ETHUSDT,futures
2024-08-20T22:00:00Z,2584.19,2593.78,2584.0,2587.36,234962.19999999992,okx,ETHUSDT,futures
2024-08-20T23:00:00Z,2587.36,2588.4,2571.3,2572.63,294362.49999999994,okx,ETHUSDT,futures
2024-08-21T00:00:00Z,2572.41,2585.51,2572.08,2576.62,371819.4,okx,ETHUSDT,futures
2024-08-21T01:00:00Z,2576.62,2585.44,2556.03,2584.99,741574.0999999999,okx,ETHUSDT,futures
2024-08-21T02:00:00Z,2585.0,2598.34,2582.7,2590.65,411399.2,okx,ETHUSDT,futures
2024-08-21T03:00:00Z,2590.65,2594.27,2586.35,2591.1,226105.39999999997,okx,ETHUSDT,futures
2024-08-21T04:00:00Z,2591.1,2594.0,2588.0,2592.0,167287.80000000002,okx,ETHUSDT,futures
2024-08-21T05:00:00Z,2592.0,2595.88,2590.43,2592.77,192509.69999999998,okx,ETHUSDT,futures
2024-08-21T06:00:00Z,2592.77,2605.48,2592.3,2600.34,524843.4999999999,okx,ETHUSDT,futures
2024-08-21T07:00:00Z,2600.34,2606.61,2595.4,2600.47,357388.80000000016,okx,ETHUSDT,futures
2024-08-21T08:00:00Z,2600.47,2608.23,2578.01,2584.81,853571.6000000001,okx,ETHUSDT,futures
2024-08-21T09:00:00Z,2584.82,2587.12,2566.0,2581.15,816079.1000000001,okx,ETHUSDT,futures
2024-08-21T10:00:00Z,2581.15,2589.43,2578.36,2588.51,341668.2,okx,ETHUSDT,futures
2024-08-21T11:00:00Z,2588.51,2592.82,2576.35,2577.61,292918.9999999998,okx,ETHUSDT,futures
2024-08-21T12:00:00Z,2577.61,2583.48,2570.62,2578.1,475375.8000000001,okx,ETHUSDT,futures
2024-08-21T13:00:00Z,2578.11,2601.52,2534.5,2594.11,2702098.3999999994,okx,ETHUSDT,futures
2024-08-21T14:00:00Z,2594.03,2617.8,2576.42,2590.2,3707574.5,okx,ETHUSDT,futures
2024-08-21T15:00:00Z,2590.2,2610.0,2585.7,2601.72,951978.7999999999,okx,ETHUSDT,futures
2024-08-21T16:00:00Z,2601.78,2615.0,2591.74,2608.19,772081.9,okx,ETHUSDT,futures
2024-08-21T17:00:00Z,2608.2,2630.4,2600.49,2625.8,918081.4999999993,okx,ETHUSDT,futures
2024-08-21T18:00:00Z,2625.8,2646.0,2621.89,2638.91,1157065.8999999997,okx,ETHUSDT,futures
2024-08-21T19:00:00Z,2638.91,2650.4,2626.33,2646.24,1338464.6000000008,okx,ETHUSDT,futures
2024-08-21T20:00:00Z,2646.21,2665.73,2626.02,2630.4,1015283.3,okx,ETHUSDT,futures
2024-08-21T21:00:00Z,2630.41,2647.63,2623.0,2637.03,449999.0000000001,okx,ETHUSDT,futures
2024-08-21T22:00:00Z,2637.02,2642.0,2630.2,2631.19,322426.9999999998,okx,ETHUSDT,futures
2024-08-21T23:00:00Z,2631.19,2634.18,2619.02,2630.89,537155.3,okx,ETHUSDT,futures
2024-08-22T00:00:00Z,2630.9,2639.86,2628.02,2628.71,405495.89999999997,okx,ETHUSDT,futures
2024-08-22T01:00:00Z,2628.72,2631.35,2620.8,2627.9,413521.8999999999,okx,ETHUSDT,futures
2024-08-22T02:00:00Z,2627.9,2628.29,2582.88,2602.77,1502843.7000000004,okx,ETHUSDT,futures
2024-08-22T03:00:00Z,2602.78,2617.89,2597.6,2616.5,657692.5,okx,ETHUSDT,futures
2024-08-22T04:00:00Z,2616.51,2626.79,2613.53,2626.48,483337.1,okx,ETHUSDT,futures
2024-08-22T05:00:00Z,2626.49,2626.5,2615.56,2619.34,270840.7,okx,ETHUSDT,futures
2024-08-22T06:00:00Z,2619.35,2629.9,2618.0,2627.49,323202.8000000002,okx,ETHUSDT,futures
2024-08-22T07:00:00Z,2627.48,2642.69,2626.25,2636.12,534087.2,okx,ETHUSDT,futures
2024-08-22T08:00:00Z,2636.11,2641.2,2628.99,2634.01,399516.6,okx,ETHUSDT,futures
2024-08-22T09:00:00Z,2634.01,2636.78,2623.28,2623.85,411812.19999999984,okx,ETHUSDT,futures
2024-08-22T10:00:00Z,2623.86,2644.34,2619.19,2640.36,562052.6,okx,ETHUSDT,futures
2024-08-22T11:00:00Z,2640.36,2643.64,2632.0,2641.71,368229.20000000007,okx,ETHUSDT,futures
2024-08-22T12:00:00Z,2641.7,2644.5,2621.44,2625.12,746945.2,okx,ETHUSDT,futures
2024-08-22T13:00:00Z,2625.12,2630.0,2609.56,2620.11,1060504.9,okx,ETHUSDT,futures
2024-08-22T14:00:00Z,2620.12,2620.98,2598.22,2602.35,1260088.4000000001,okx,ETHUSDT,futures
2024-08-22T15:00:00Z,2602.35,2613.54,2590.55,2599.5,864324.5999999997,okx,ETHUSDT,futures
2024-08-22T16:00:00Z,2599.5,2616.97,2597.43,2605.67,761354.6000000001,okx,ETHUSDT,futures
2024-08-22T17:00:00Z,2605.67,2614.56,2601.1,2603.96,431697.6,okx,ETHUSDT,futures
2024-08-22T18:00:00Z,2603.95,2619.71,2601.3,2606.21,491117.8,okx,ETHUSDT,futures
2024-08-22T19:00:00Z,2606.14,2610.89,2597.0,2606.83,277196.40000000014,okx,ETHUSDT,futures
2024-08-22T20:00:00Z,2606.84,2629.59,2606.41,2624.97,581360.7999999999,okx,ETHUSDT,futures
2024-08-22T21:00:00Z,2624.97,2627.3,2616.18,2623.59,240633.00000000003,okx,ETHUSDT,futures
2024-08-22T22:00:00Z,2623.6,2626.46,2619.16,2624.9,184917.4,okx,ETHUSDT,futures
2024-08-22T23:00:00Z,2624.9,2625.14,2617.84,2622.86,159309.89999999997,okx,ETHUSDT,futures
2024-08-23T00:00:00Z,2622.86,2653.33,2621.23,2638.4,945478.2999999999,okx,ETHUSDT,futures
2024-08-23T01:00:00Z,2638.4,2643.23,2631.71,2638.33,390596.8,okx,ETHUSDT,futures
2024-08-23T02:00:00Z,2638.34,2642.2,2632.0,2634.3,265447.2,okx,ETHUSDT,futures
2024-08-23T03:00:00Z,2634.29,2639.49,2633.23,2635.28,205387.30000000002,okx,ETHUSDT,futures
2024-08-23T04:00:00Z,2635.29,2639.95,2634.18,2638.43,202319.0,okx,ETHUSDT,futures
2024-08-23T05:00:00Z,2638.42,2677.7,2638.42,2674.69,1794761.6,okx,ETHUSDT,futures
2024-08-23T06:00:00Z,2674.68,2691.8,2670.5,2681.72,1318629.2999999998,okx,ETHUSDT,futures
2024-08-23T07:00:00Z,2681.72,2684.76,2666.68,2669.6,564381.3,okx,ETHUSDT,futures
2024-08-23T08:00:00Z,2669.6,2676.89,2666.68,2674.4,350808.7999999999,okx,ETHUSDT,futures
2024-08-23T09:00:00Z,2674.4,2680.69,2663.08,2666.66,618953.4000000001,okx,ETHUSDT,futures
2024-08-23T10:00:00Z,2666.66,2672.45,2664.75,2666.09,261653.2,okx,ETHUSDT,futures
2024-08-23T11:00:00Z,2666.1,2668.15,2652.0,2653.49,817660.2000000002,okx,ETHUSDT,futures
2024-08-23T12:00:00Z,2653.5,2670.15,2653.0,2669.19,635523.9,okx,ETHUSDT,futures
2024-08-23T13:00:00Z,2669.19,2669.19,2645.0,2659.94,821278.7999999999,okx,ETHUSDT,futures
2024-08-23T14:00:00Z,2659.94,2699.99,2632.75,2649.91,4469034.1,okx,ETHUSDT,futures
2024-08-23T15:00:00Z,2649.92,2679.84,2647.12,2670.69,1568825.5,okx,ETHUSDT,futures
2024-08-23T16:00:00Z,2670.48,2680.65,2662.12,2678.96,668880.2000000003,okx,ETHUSDT,futures
2024-08-23T17:00:00Z,2678.96,2732.34,2670.2,2727.58,2470001.0999999996,okx,ETHUSDT,futures
2024-08-23T18:00:00Z,2727.58,2741.53,2712.78,2725.56,1812577.9999999995,okx,ETHUSDT,futures
2024-08-23T19:00:00Z,2725.58,2751.91,2719.7,2746.45,1218650.2,okx,ETHUSDT,futures
2024-08-23T20:00:00Z,2746.41,2762.95,2745.33,2752.76,722503.3000000004,okx,ETHUSDT,futures
2024-08-23T21:00:00Z,2752.76,2784.0,2752.4,2772.58,978224.5999999999,okx,ETHUSDT,futures
2024-08-23T22:00:00Z,2772.58,2802.01,2742.03,2759.8,1543986.8000000003,okx,ETHUSDT,futures
2024-08-23T23:00:00Z,2759.81,2769.73,2756.26,2762.99,503338.1999999999,okx,ETHUSDT,futures
2024-08-24T00:00:00Z,2762.99,2770.0,2752.13,2758.42,405003.90000000014,okx,ETHUSDT,futures
2024-08-24T01:00:00Z,2758.41,2758.77,2743.0,2754.0,525997.4,okx,ETHUSDT,futures
2024-08-24T02:00:00Z,2754.0,2761.85,2751.03,2754.39,266673.8,okx,ETHUSDT,futures
2024-08-24T03:00:00Z,2754.39,2755.61,2744.0,2747.3,255553.9,okx,ETHUSDT,futures
2024-08-24T04:00:00Z,2747.3,2751.44,2744.36,2746.59,203700.40000000002,okx,ETHUSDT,futures
2024-08-24T05:00:00Z,2746.58,2756.57,2739.01,2756.41,372176.89999999997,okx,ETHUSDT,futures
2024-08-24T06:00:00Z,2756.4,2766.0,2753.24,2755.32,402712.6999999999,okx,ETHUSDT,futures
2024-08-24T07:00:00Z,2755.33,2762.84,2755.01,2758.7,251268.09999999998,okx,ETHUSDT,futures
2024-08-24T08:00:00Z,2758.7,2778.98,2755.65,2775.97,573090.4,okx,ETHUSDT,futures
2024-08-24T09:00:00Z,2775.96,2785.0,2766.9,2774.59,562942.0,okx,ETHUSDT,futures
2024-08-24T10:00:00Z,2774.59,2778.51,2764.35,2768.2,383858.70000000007,okx,ETHUSDT,futures
2024-08-24T11:00:00Z,2768.21,2771.72,2753.8,2756.42,433298.3,okx,ETHUSDT,futures
2024-08-24T12:00:00Z,2756.42,2765.0,2751.2,2756.84,518524.5000000002,okx,ETHUSDT,futures
2024-08-24T13:00:00Z,2756.84,2764.83,2752.38,2759.6,316743.80000000016,okx,ETHUSDT,futures
2024-08-24T14:00:00Z,2759.6,2764.36,2751.64,2759.78,353893.89999999997,okx,ETHUSDT,futures
2024-08-24T15:00:00Z,2759.77,2763.9,2754.25,2761.24,264405.6000000001,okx,ETHUSDT,futures
2024-08-24T16:00:00Z,2761.4,2820.6,2760.17,2814.3,2234354.6000000006,okx,ETHUSDT,futures
2024-08-24T17:00:00Z,2814.31,2814.43,2778.11,2783.6,1190273.7000000004,okx,ETHUSDT,futures
2024-08-24T18:00:00Z,2783.6,2802.51,2771.02,2784.21,1071325.2,okx,ETHUSDT,futures
2024-08-24T19:00:00Z,2784.21,2801.15,2783.44,2793.03,235342.09999999998,okx,ETHUSDT,futures
2024-08-24T20:00:00Z,2793.03,2807.97,2789.51,2791.44,365037.5000000001,okx,ETHUSDT,futures
2024-08-24T21:00:00Z,2791.44,2792.68,2730.06,2738.99,1181904.9999999998,okx,ETHUSDT,futures
2024-08-24T22:00:00Z,2738.99,2759.77,2737.0,2751.57,617951.9999999999,okx,ETHUSDT,futures
2024-08-24T23:00:00Z,2751.56,2770.79,2751.26,2768.14,309849.19999999995,okx,ETHUSDT,futures
2024-08-25T00:00:00Z,2768.09,2783.0,2753.53,2758.66,666704.1000000002,okx,ETHUSDT,futures
2024-08-25T01:00:00Z,2758.65,2770.95,2748.34,2759.13,615472.7999999998,okx,ETHUSDT,futures
2024-08-25T02:00:00Z,2759.13,2767.4,2756.45,2764.57,251530.30000000008,okx,ETHUSDT,futures
2024-08-25T03:00:00Z,2764.57,2766.0,2755.92,2764.95,313373.50000000006,okx,ETHUSDT,futures
2024-08-25T04:00:00Z,2765.0,2768.75,2755.63,2767.21,241248.19999999998,okx,ETHUSDT,futures
2024-08-25T05:00:00Z,2767.21,2770.7,2760.91,2763.28,261874.70000000004,okx,ETHUSDT,futures
2024-08-25T06:00:00Z,2763.28,2764.25,2752.51,2755.12,372881.0,okx,ETHUSDT,futures
2024-08-25T07:00:00Z,2755.11,2756.69,2733.1,2743.5,1113324.0,okx,ETHUSDT,futures
2024-08-25T08:00:00Z,2743.5,2754.31,2737.48,2751.62,461073.00000000006,okx,ETHUSDT,futures
2024-08-25T09:00:00Z,2751.61,2758.0,2745.2,2755.7,381660.9000000001,okx,ETHUSDT,futures
2024-08-25T10:00:00Z,2755.7,2761.42,2750.27,2753.48,292229.10000000003,okx,ETHUSDT,futures
2024-08-25T11:00:00Z,2753.48,2760.0,2750.55,2751.4,207406.69999999998,okx,ETHUSDT,futures
2024-08-25T12:00:00Z,2751.4,2754.31,2746.15,2753.32,227539.30000000005,okx,ETHUSDT,futures
2024-08-25T13:00:00Z,2753.32,2769.37,2750.09,2763.66,544076.3999999998,okx,ETHUSDT,futures
2024-08-25T14:00:00Z,2763.67,2774.84,2760.0,2765.0,351608.8000000001,okx,ETHUSDT,futures
2024-08-25T15:00:00Z,2765.0,2771.72,2759.08,2763.87,321941.50000000006,okx,ETHUSDT,futures
2024-08-25T16:00:00Z,2763.87,2770.79,2760.01,2763.91,320463.7999999999,okx,ETHUSDT,futures
2024-08-25T17:00:00Z,2763.9,2773.81,2762.49,2771.59,238578.89999999997,okx,ETHUSDT,futures
2024-08-25T18:00:00Z,2771.59,2772.79,2761.12,2764.36,226557.0,okx,ETHUSDT,futures
2024-08-25T19:00:00Z,2764.36,2767.23,2762.85,2766.22,83857.5,okx,ETHUSDT,futures
2024-08-25T20:00:00Z,2766.23,2772.83,2764.58,2769.83,142259.79999999996,okx,ETHUSDT,futures
2024-08-25T21:00:00Z,2769.84,2793.66,2768.92,2779.39,582270.9,okx,ETHUSDT,futures
2024-08-25T22:00:00Z,2779.4,2788.55,2765.43,2770.78,294813.3,okx,ETHUSDT,futures
2024-08-25T23:00:00Z,2770.79,2779.95,2739.08,2746.33,968776.6999999997,okx,ETHUSDT,futures
2024-08-26T00:00:00Z,2746.32,2762.19,2742.92,2754.0,544009.8000000002,okx,ETHUSDT,futures
2024-08-26T01:00:00Z,2754.01,2757.6,2739.79,2746.67,397515.89999999997,okx,ETHUSDT,futures
2024-08-26T02:00:00Z,2746.67,2749.0,2718.12,2741.81,1046322.4,okx,ETHUSDT,futures
2024-08-26T03:00:00Z,2741.82,2746.0,2739.25,2744.41,250989.00000000006,okx,ETHUSDT,futures
2024-08-26T04:00:00Z,2744.4,2752.8,2742.66,2751.31,364400.29999999993,okx,ETHUSDT,futures
2024-08-26T05:00:00Z,2751.35,2751.58,2740.61,2744.0,198596.6,okx,ETHUSDT,futures
2024-08-26T06:00:00Z,2743.99,2747.45,2732.88,2737.99,540821.6,okx,ETHUSDT,futures
2024-08-26T07:00:00Z,2738.0,2743.0,2728.56,2733.51,455819.40000000014,okx,ETHUSDT,futures
2024-08-26T08:00:00Z,2733.51,2743.43,2731.88,2736.76,314870.6999999999,okx,ETHUSDT,futures
2024-08-26T09:00:00Z,2736.75,2740.65,2710.0,2740.01,1071974.8000000003,okx,ETHUSDT,futures
2024-08-26T10:00:00Z,2740.02,2748.77,2736.17,2736.52,523228.5000000002,okx,ETHUSDT,futures
2024-08-26T11:00:00Z,2736.51,2746.42,2734.5,2737.37,288168.10000000003,okx,ETHUSDT,futures
2024-08-26T12:00:00Z,2737.37,2742.48,2718.05,2726.32,718466.7,okx,ETHUSDT,futures
2024-08-26T13:00:00Z,2726.32,2738.4,2715.0,2728.0,957491.7,okx,ETHUSDT,futures
2024-08-26T14:00:00Z,2728.0,2731.32,2705.66,2725.72,1355939.2999999996,okx,ETHUSDT,futures
2024-08-26T15:00:00Z,2725.72,2729.96,2703.15,2721.73,867271.2999999998,okx,ETHUSDT,futures
2024-08-26T16:00:00Z,2721.73,2733.02,2716.0,2726.66,470522.5,okx,ETHUSDT,futures
2024-08-26T17:00:00Z,2726.65,2730.84,2688.0,2695.03,1134004.0999999999,okx,ETHUSDT,futures
2024-08-26T18:00:00Z,2695.03,2704.47,2674.81,2697.79,1274658.6999999997,okx,ETHUSDT,futures
2024-08-26T19:00:00Z,2697.8,2700.91,2678.0,2681.24,547513.8,okx,ETHUSDT,futures
2024-08-26T20:00:00Z,2681.4,2693.6,2670.13,2688.49,596567.0999999999,okx,ETHUSDT,futures
2024-08-26T21:00:00Z,2688.44,2688.99,2666.66,2685.35,485546.9,okx,ETHUSDT,futures
2024-08-26T22:00:00Z,2685.35,2691.88,2683.08,2686.37,270511.1999999999,okx,ETHUSDT,futures
2024-08-26T23:00:00Z,2686.37,2693.23,2677.8,2680.86,245350.1,okx,ETHUSDT,futures
2024-08-27T00:00:00Z,2680.87,2694.53,2672.95,2677.4,571675.2999999999,okx,ETHUSDT,futures
2024-08-27T01:00:00Z,2677.41,2694.45,2676.45,2680.44,623185.8000000003,okx,ETHUSDT,futures
2024-08-27T02:00:00Z,2680.43,2690.14,2671.33,2677.46,423668.99999999994,okx,ETHUSDT,futures
2024-08-27T03:00:00Z,2677.46,2686.4,2667.07,2685.53,512133.3999999998,okx,ETHUSDT,futures
2024-08-27T04:00:00Z,2685.53,2689.59,2680.6,2686.69,327677.3999999999,okx,ETHUSDT,futures
2024-08-27T05:00:00Z,2686.7,2699.99,2686.41,2696.47,545995.3999999997,okx,ETHUSDT,futures
2024-08-27T06:00:00Z,2696.48,2698.59,2673.35,2679.37,687900.2000000001,okx,ETHUSDT,futures
2024-08-27T07:00:00Z,2679.38,2692.87,2678.62,2687.78,393104.8,okx,ETHUSDT,futures
2024-08-27T08:00:00Z,2687.78,2691.92,2675.0,2685.25,433022.0,okx,ETHUSDT,futures
2024-08-27T09:00:00Z,2685.26,2689.0,2669.02,2674.67,657847.0999999999,okx,ETHUSDT,futures
2024-08-27T10:00:00Z,2674.67,2674.67,2635.08,2638.11,1864514.1999999997,okx,ETHUSDT,futures
2024-08-27T11:00:00Z,2638.11,2639.94,2618.05,2627.11,1294028.5000000005,okx,ETHUSDT,futures
2024-08-27T12:00:00Z,2627.1,2629.68,2606.0,2621.99,1277616.9999999998,okx,ETHUSDT,futures
2024-08-27T13:00:00Z,2622.0,2626.54,2603.05,2610.19,1074208.0999999999,okx,ETHUSDT,futures
2024-08-27T14:00:00Z,2610.19,2613.18,2552.01,2586.2,3769176.7,okx,ETHUSDT,futures
2024-08-27T15:00:00Z,2586.2,2595.8,2573.82,2578.93,1409867.2999999998,okx,ETHUSDT,futures
2024-08-27T16:00:00Z,2578.91,2587.95,2564.27,2565.96,1501427.2,okx,ETHUSDT,futures
2024-08-27T17:00:00Z,2565.96,2586.0,2563.28,2585.89,551461.8000000002,okx,ETHUSDT,futures
2024-08-27T18:00:00Z,2585.88,2591.0,2576.32,2585.64,406254.8,okx,ETHUSDT,futures
2024-08-27T19:00:00Z,2585.64,2592.0,2578.68,2584.16,328367.69999999995,okx,ETHUSDT,futures
2024-08-27T20:00:00Z,2584.15,2588.92,2573.3,2581.73,233297.19999999992,okx,ETHUSDT,futures
2024-08-27T21:00:00Z,2581.66,2585.2,2393.59,2490.0,3423594.9999999995,okx,ETHUSDT,futures
2024-08-27T22:00:00Z,2489.99,2490.8,2391.0,2460.03,4594715.500000001,okx,ETHUSDT,futures
2024-08-27T23:00:00Z,2460.03,2469.85,2451.35,2457.6,861234.9999999997,okx,ETHUSDT,futures
2024-08-28T00:00:00Z,2457.59,2457.6,2427.39,2440.54,1146901.3000000005,okx,ETHUSDT,futures
2024-08-28T01:00:00Z,2440.55,2450.97,2416.81,2442.41,1141922.2,okx,ETHUSDT,futures
2024-08-28T02:00:00Z,2442.39,2464.08,2438.7,2459.45,887900.5000000001,okx,ETHUSDT,futures
2024-08-28T03:00:00Z,2459.46,2480.7,2458.28,2478.01,948435.8999999998,okx,ETHUSDT,futures
2024-08-28T04:00:00Z,2478.12,2485.7,2467.41,2471.92,624621.5000000001,okx,ETHUSDT,futures
2024-08-28T05:00:00Z,2471.91,2485.0,2458.0,2464.33,693258.9000000001,okx,ETHUSDT,futures
2024-08-28T06:00:00Z,2464.34,2470.27,2462.02,2462.61,362533.8,okx,ETHUSDT,futures
2024-08-28T07:00:00Z,2462.61,2466.73,2433.26,2437.55,1187438.9,okx,ETHUSDT,futures
2024-08-28T08:00:00Z,2437.56,2466.72,2427.94,2463.57,1133235.3,okx,ETHUSDT,futures
2024-08-28T09:00:00Z,2463.57,2552.2,2462.23,2540.66,2271405.1000000006,okx,ETHUSDT,futures
2024-08-28T10:00:00Z,2540.66,2544.47,2511.14,2521.21,1661113.8,okx,ETHUSDT,futures
2024-08-28T11:00:00Z,2521.22,2534.86,2517.45,2522.83,575446.3,okx,ETHUSDT,futures
2024-08-28T12:00:00Z,2522.84,2539.74,2521.17,2526.0,599366.3000000002,okx,ETHUSDT,futures
2024-08-28T13:00:00Z,2526.01,2530.0,2480.79,2483.43,1511978.1000000003,okx,ETHUSDT,futures
2024-08-28T14:00:00Z,2483.43,2531.69,2480.94,2503.36,2399431.8,okx,ETHUSDT,futures
2024-08-28T15:00:00Z,2503.32,2504.03,2468.0,2496.2,1474402.7999999998,okx,ETHUSDT,futures
2024-08-28T16:00:00Z,2496.21,2518.93,2456.0,2514.98,2496939.4,okx,ETHUSDT,futures
2024-08-28T17:00:00Z,2514.98,2527.82,2498.38,2501.75,1201172.1000000008,okx,ETHUSDT,futures
2024-08-28T18:00:00Z,2501.75,2540.5,2497.0,2533.29,930552.2999999999,okx,ETHUSDT,futures
2024-08-28T19:00:00Z,2533.29,2546.72,2501.15,2504.75,993626.9,okx,ETHUSDT,futures
2024-08-28T20:00:00Z,2504.81,2554.99,2504.57,2537.19,1443532.6000000003,okx,ETHUSDT,futures
2024-08-28T21:00:00Z,2537.27,2554.97,2528.04,2530.45,613078.7,okx,ETHUSDT,futures
2024-08-28T22:00:00Z,2530.46,2534.84,2516.27,2532.38,426602.3999999998,okx,ETHUSDT,futures
2024-08-28T23:00:00Z,2532.37,2538.46,2522.73,2528.29,291902.10000000003,okx,ETHUSDT,futures
2024-08-29T00:00:00Z,2528.29,2535.42,2518.4,2534.38,476502.8,okx,ETHUSDT,futures
2024-08-29T01:00:00Z,2534.38,2538.0,2515.0,2521.92,473057.3,okx,ETHUSDT,futures
2024-08-29T02:00:00Z,2521.93,2531.4,2511.32,2528.34,406899.60000000015,okx,ETHUSDT,futures
2024-08-29T03:00:00Z,2528.34,2531.72,2520.82,2523.64,227209.50000000012,okx,ETHUSDT,futures
2024-08-29T04:00:00Z,2523.72,2527.54,2518.66,2525.01,229248.00000000006,okx,ETHUSDT,futures
2024-08-29T05:00:00Z,2525.0,2542.83,2523.06,2540.55,468976.70000000007,okx,ETHUSDT,futures
2024-08-29T06:00:00Z,2540.56,2560.0,2536.03,2549.73,956444.3999999997,okx,ETHUSDT,futures
2024-08-29T07:00:00Z,2549.73,2556.4,2544.04,2547.21,385087.6999999999,okx,ETHUSDT,futures
2024-08-29T08:00:00Z,2547.21,2552.0,2539.49,2544.8,398858.8999999999,okx,ETHUSDT,futures
2024-08-29T09:00:00Z,2544.8,2555.32,2541.43,2543.65,395834.29999999976,okx,ETHUSDT,futures
2024-08-29T10:00:00Z,2543.65,2547.94,2536.78,2542.24,349903.7999999999,okx,ETHUSDT,futures
2024-08-29T11:00:00Z,2542.24,2574.67,2539.44,2554.96,1090756.7,okx,ETHUSDT,futures
2024-08-29T12:00:00Z,2554.96,2581.98,2551.73,2572.64,1063401.4000000004,okx,ETHUSDT,futures
2024-08-29T13:00:00Z,2572.63,2578.37,2556.67,2570.98,895998.9,okx,ETHUSDT,futures
2024-08-29T14:00:00Z,2570.99,2579.67,2558.43,2569.6,838835.4,okx,ETHUSDT,futures
2024-08-29T15:00:00Z,2569.49,2596.0,2568.0,2576.06,1321704.5999999999,okx,ETHUSDT,futures
2024-08-29T16:00:00Z,2576.05,2585.79,2561.61,2570.06,904317.1999999998,okx,ETHUSDT,futures
2024-08-29T17:00:00Z,2570.05,2579.98,2564.64,2576.84,517046.70000000007,okx,ETHUSDT,futures
2024-08-29T18:00:00Z,2576.83,2578.5,2510.23,2521.02,2131828.5000000005,okx,ETHUSDT,futures
2024-08-29T19:00:00Z,2521.02,2541.04,2510.83,2528.97,831804.7999999999,okx,ETHUSDT,futures
2024-08-29T20:00:00Z,2528.96,2544.0,2528.01,2540.99,368419.19999999984,okx,ETHUSDT,futures
2024-08-29T21:00:00Z,2541.0,2541.07,2529.27,2530.22,175785.09999999998,okx,ETHUSDT,futures
2024-08-29T22:00:00Z,2530.23,2532.0,2505.81,2523.92,812738.7,okx,ETHUSDT,futures
2024-08-29T23:00:00Z,2523.91,2531.27,2520.4,2527.69,258881.79999999996,okx,ETHUSDT,futures
2024-08-30T00:00:00Z,2527.69,2536.27,2517.32,2523.06,511291.10000000015,okx,ETHUSDT,futures
2024-08-30T01:00:00Z,2523.06,2530.0,2515.28,2525.07,366795.9999999999,okx,ETHUSDT,futures
2024-08-30T02:00:00Z,2525.07,2529.64,2512.0,2515.41,397210.2,okx,ETHUSDT,futures
2024-08-30T03:00:00Z,2515.4,2523.61,2505.06,2517.19,565274.7000000001,okx,ETHUSDT,futures
2024-08-30T04:00:00Z,2517.19,2527.0,2516.68,2519.01,244070.40000000008,okx,ETHUSDT,futures
2024-08-30T05:00:00Z,2519.01,2519.52,2503.0,2511.46,473757.29999999993,okx,ETHUSDT,futures
2024-08-30T06:00:00Z,2511.46,2532.0,2506.37,2527.96,584944.2999999998,okx,ETHUSDT,futures
2024-08-30T07:00:00Z,2527.99,2533.57,2514.0,2517.01,587283.1000000001,okx,ETHUSDT,futures
2024-08-30T08:00:00Z,2517.0,2526.3,2514.5,2521.94,340066.3999999999,okx,ETHUSDT,futures
2024-08-30T09:00:00Z,2521.94,2528.58,2519.35,2524.74,249498.7999999999,okx,ETHUSDT,futures
2024-08-30T10:00:00Z,2524.74,2525.61,2510.36,2517.21,339348.0,okx,ETHUSDT,futures
2024-08-30T11:00:00Z,2517.2,2520.12,2507.32,2512.52,345942.5,okx,ETHUSDT,futures
2024-08-30T12:00:00Z,2512.51,2556.1,2510.07,2524.19,1218223.7,okx,ETHUSDT,futures
2024-08-30T13:00:00Z,2524.2,2531.0,2492.29,2524.93,1116099.2999999998,okx,ETHUSDT,futures
2024-08-30T14:00:00Z,2524.93,2533.51,2462.0,2462.9,2493913.8,okx,ETHUSDT,futures
2024-08-30T15:00:00Z,2462.9,2472.2,2434.68,2448.79,3179415.7999999993,okx,ETHUSDT,futures
2024-08-30T16:00:00Z,2448.79,2464.92,2431.29,2462.38,1468117.2999999993,okx,ETHUSDT,futures
2024-08-30T17:00:00Z,2462.37,2478.0,2454.0,2466.21,604889.9999999998,okx,ETHUSDT,futures
2024-08-30T18:00:00Z,2466.21,2542.98,2465.05,2536.55,2544207.100000001,okx,ETHUSDT,futures
2024-08-30T19:00:00Z,2536.57,2536.58,2497.13,2507.16,1293540.7999999998,okx,ETHUSDT,futures
2024-08-30T20:00:00Z,2507.07,2519.57,2506.19,2519.41,271512.8,okx,ETHUSDT,futures
2024-08-30T21:00:00Z,2519.27,2522.52,2513.43,2518.52,170762.79999999996,okx,ETHUSDT,futures
2024-08-30T22:00:00Z,2518.53,2529.0,2517.29,2526.09,420328.10000000003,okx,ETHUSDT,futures
2024-08-30T23:00:00Z,2526.09,2530.77,2523.78,2525.99,197426.60000000003,okx,ETHUSDT,futures
2024-08-31T00:00:00Z,2525.99,2534.35,2522.1,2524.1,254031.59999999998,okx,ETHUSDT,futures
2024-08-31T01:00:00Z,2524.1,2531.11,2519.36,2526.02,261857.09999999998,okx,ETHUSDT,futures
2024-08-31T02:00:00Z,2526.02,2527.72,2518.54,2522.97,153613.80000000002,okx,ETHUSDT,futures
2024-08-31T03:00:00Z,2522.99,2527.84,2521.44,2523.83,130333.00000000001,okx,ETHUSDT,futures
2024-08-31T04:00:00Z,2523.83,2529.99,2523.27,2529.4,165925.99999999994,okx,ETHUSDT,futures
2024-08-31T05:00:00Z,2529.4,2529.67,2522.74,2523.65,151207.69999999995,okx,ETHUSDT,futures
2024-08-31T06:00:00Z,2523.61,2528.5,2521.99,2522.99,180682.40000000005,okx,ETHUSDT,futures
2024-08-31T07:00:00Z,2523.0,2524.0,2518.22,2521.29,237231.79999999993,okx,ETHUSDT,futures
2024-08-31T08:00:00Z,2521.29,2524.36,2513.09,2513.62,259003.90000000002,okx,ETHUSDT,futures
2024-08-31T09:00:00Z,2513.62,2520.0,2511.28,2514.3,348853.60000000003,okx,ETHUSDT,futures
2024-08-31T10:00:00Z,2514.3,2529.61,2513.88,2525.89,283848.3,okx,ETHUSDT,futures
2024-08-31T11:00:00Z,2525.9,2530.19,2523.46,2525.79,199460.3,okx,ETHUSDT,futures
2024-08-31T12:00:00Z,2525.8,2527.49,2521.87,2523.69,180399.5,okx,ETHUSDT,futures
2024-08-31T13:00:00Z,2523.7,2528.39,2515.21,2516.09,242399.59999999998,okx,ETHUSDT,futures
2024-08-31T14:00:00Z,2516.07,2526.57,2514.0,2522.6,268803.59999999986,okx,ETHUSDT,futures
2024-08-31T15:00:00Z,2522.6,2523.68,2517.0,2519.5,174365.6,okx,ETHUSDT,futures
